中文名,objmap_id,objmap_英文,objmap_中文,objmap_X,objmap_Z,objmap_Y,ShowLevel,我们x(lat),我们y(lng),偏差,层,visible
中央海拉鲁,,,,,,,,116.21,-256.2,,18,"3,4"
哈特尔地区,,,,,,,,1685.26,2500.5,,18,"3,4"
奥尔汀地区,,,,,,,,-2232.06,1934.86,,18,"3,4"
拉聂尔地区,,,,,,,,615.16,3174.93,,18,"3,4"
格鲁德地区,,,,,,,,3257.34,-3989.01,,18,"3,4"
海布拉地区,,,,,,,,-2704.61,-3357.82,,18,"3,4"
费罗尼地区,,,,,,,,2825.32,969.33,,18,"3,4"
阿卡莱地区,,,,,,,,-3039.23,3556.77,,18,"3,4"
卡拉卡拉集市,Oasis,Kara Kara Bazaar,卡拉卡拉集市,-3237.0,2556.0,0.0,"Nearest,Near,Farthest",2569.85,-3239.28,14.0,18,"3,4,5,6,7"
三殿,HyruleCastle_Hall_2,First Gatehouse,三殿,-356.2330017089844,-829.18115234375,215.1009979248047,Near,-830.63,-351.33,5.1,18,"5,6,7"
东坑道,HyruleCastle_Room_10,East Passage,东坑道,-120.3857421875,-974.54638671875,132.47244262695312,Nearest,-976.32,-82.28,38.1,18,"5,6,7"
东格鲁德遗迹,EastGerudoRuins,East Gerudo Ruins,东格鲁德遗迹,-2696.017333984375,2843.4111328125,203.97874450683594,Near,2813.2,-2691.1,30.6,18,"5,6,7"
中央广场遗迹,HyruleCentralPlace,Central Square,中央广场遗迹,-254.25181579589844,-416.7413330078125,130.77346801757812,Nearest,-425.96,-253.99,9.2,18,"5,6,7"
主殿,,,,,,,,-1076.94,-254.0,,18,"5,6,7"
乌克池塘,,,,,,,,-2544.07,-3927.75,,18,"5,6,7"
乌尔拉峡谷,,,,,,,,-807.66,4186.46,,18,5
亚阔湖,,,,,,,,1095.34,-1304.13,,18,"5,6,7"
交易所遗迹,CentralExchange,Exchange Ruins,交易所遗迹,-750.0175170898438,859.66015625,296.3421936035156,Nearest,865.0,-737.5,13.6,18,"5,6,7"
刑场遗迹,SouthGerudoLegacy,Arbiter's Grounds,刑场遗迹,-4157.43896484375,3803.057861328125,133.4449920654297,Nearest,3820.07,-4152.77,17.6,18,"5,6,7"
利利特特湖,,,,,,,,-1745.08,-3753.87,,18,"5,6,7"
劳鲁村落遗迹,ShinyarkiVillage,Rauru Settlement Ruins,劳鲁村落遗迹,675.81982421875,-1282.6923828125,145.62010192871094,Nearest,-1251.5,704.0,42.0,18,"5,6,7"
北塔邦挞雪原,,,,,,,,-3689.48,-1792.18,,18,"5,6,7"
千之中州,,,,,,,,44.87,1418.6,,18,"5,6,7"
南塔邦挞雪原,,,,,,,,-2933.21,-1763.61,,18,"5,6,7"
双子弟弟桥,LittleBrotherBridge,Little Twin Bridge,双子弟弟桥,1713.9957275390625,2147.9443359375,115.29158782958984,Nearest,2149.55,1714.18,1.6,18,"5,6,7"
国王的书房,,,,,,,,-1119.77,-173.51,,18,"5,6,7"
图书馆,,,,,,,,-1067.45,-157.92,,18,"5,6,7"
塞尔达的房间,,,,,,,,-995.21,-327.72,,18,"5,6,7"
塞尔达的研究室,,,,,,,,-991.9,-384.15,,18,5
奥赛平原,,,,,,,,3141.24,-882.03,,18,"5,6,7"
密兹达湖,,,,,,,,-1480.54,2750.7,,18,"5,6,7"
希麦加米河,,,,,,,,1222.14,-1767.89,,18,"5,6,7"
幽芬湖,,,,,,,,-1719.21,2598.22,,18,"5,6,7"
库库甲谷,,,,,,,,-1180.62,-2918.18,,18,"5,6,7"
拉尔斯池塘,,,,,,,,-263.86,2926.6,,18,"5,6,7"
拉布拉山丘,,,,,,,,-1279.41,-2544.85,,18,"5,6,7"
拉纳湖,,,,,,,,2085.78,2473.86,,18,"5,6,7"
拉聂尔湾,,,,,,,,752.77,3449.2,,18,"5,6,7"
撒哈斯拉平原,,,,,,,,772.66,1265.77,,18,"5,6,7"
明弗拉的秘泉,FlamingoSpa,Goflam's Secret Hot Spring,明弗拉的秘泉,-3442.36962890625,-3545.502197265625,0.0,Nearest,-3557.5,-3461.5,22.6,18,"5,6,7"
泰阿蒙河,,,,,,,,200.19,-2465.39,,18,"5,6,7"
海利亚河,,,,,,,,-127.95,783.36,,18,"5,6,7"
海利亚湖,,,,,,,,2430.43,-255.54,,18,"5,6,7"
海布拉山西岳,,,,,,,,-2722.94,-4422.8,,18,"5,6,7"
海布拉湖,,,,,,,,-2008.34,-2866.76,,18,"5,6,7"
海拉鲁城堡护城河,,,,,,,,-650.65,-326.04,,18,"5,6,7"
海拉鲁驿站村遗迹,PostTownRuin,Outpost Ruins,海拉鲁驿站村遗迹,-248.4403839111328,1688.3232421875,0.0,Near,1671.11,-233.33,22.9,18,"5,6,7"
湿地的驻军地遗迹,WetGarrison,Moor Garrison Ruins,湿地的驻军地遗迹,1527.0,-218.0,68.0,Near,-187.2,1527.14,30.8,18,"5,6,7"
牢房,HyruleCastle_Room_5,Lockup,牢房,-443.8999938964844,-1062.267333984375,130.09046936035156,Nearest,-1084.52,-434.45,24.2,18,"5,6,7"
特洽湖,,,,,,,,764.19,1714.24,,18,5
玛丽塔山丘,,,,,,,,-1343.87,-1443.95,,18,"5,6,7"
第八位英雄的雕像,SnowStatue,Statue of the Eighth Heroine,第八位英雄的雕像,-4362.74462890625,502.0,570.4813232421875,Nearest,516.98,-4371.52,17.4,18,"5,6,7"
米法公园,Zora_Belvedere,Mipha Court,米法公园,3837.922119140625,-566.457763671875,596.136962890625,Nearest,-520.24,3801.5,58.8,18,"5,6,7"
腐朽的千年古树,BigTree,Ancient Tree Stump,腐朽的千年古树,-1111.990234375,415.22052001953125,168.87400817871094,Nearest,430.91,-1111.99,15.7,18,"5,6,7"
船坞,HyruleCastle_Room_7,Docks,船坞,-252.18289184570312,-1188.0269775390625,126.41304016113281,Nearest,-1160.12,-232.12,34.4,18,"5,6,7"
茨茨齐齐雪原,,,,,,,,-2901.49,-2198.22,,18,"5,6,7"
茹特拉河,,,,,,,,352.75,3206.19,,18,"5,6,7"
葛亚娜峡谷,,,,,,,,3412.07,3273.62,,18,"5,6,7"
西南阿卡莱桥,MinakkareBridgeWest,West Sokkala Bridge,西南阿卡莱桥,3588.0,-1024.0,0.0,Nearest,-1020.13,3591.52,5.2,18,"5,6,7"
西坑道,HyruleCastle_Room_11,West Passage,西坑道,-448.993408203125,-858.280029296875,118.2890625,Nearest,-772.7,-384.67,107.1,18,"5,6,7"
观察室,HyruleCastle_Room_0,Observation Room,观察室,-253.9762725830078,-778.5077514648438,203.47402954101562,Nearest,-761.33,-254.13,17.2,18,"5,6,7"
训练所,HyruleCastle_Room_2,Guards' Chamber,训练所,-368.70001220703125,-846.5673217773438,177.21791076660156,Nearest,-840.29,-357.93,12.5,18,"5,6,7"
诺凯河,,,,,,,,1533.94,496.78,,18,"5,6,7"
谢拉湖,,,,,,,,1451.48,2129.81,,18,"5,6,7"
贝弗岛,,,,,,,,-1769.63,2701.2,,18,5
贤者之神殿遗迹,KaturaCastle,Sage Temple Ruins,贤者之神殿遗迹,-1352.423583984375,216.81707763671875,0.0,Nearest,233.0,-1355.0,16.4,18,"5,6,7"
运球报名处,GameBitalockGolf,Ultra Ball Haul Check-In,运球报名处,-3128.231689453125,-611.1467895507812,26.323694229125977,Nearest,-627.77,-3119.2,18.9,18,"5,6,7"
阿卡莱堡垒遗迹,AkkareZhai,Akkala Citadel Ruins,阿卡莱堡垒遗迹,3323.8662109375,-1534.9124755859375,613.4503784179688,Near,-1502.5,3303.0,38.5,18,"5,6,7"
阿德亚湖,,,,,,,,1882.56,365.78,,18,"5,6,7"
雷之台地,LightningPlateau,Thundra Plateau,雷之台地,-2265.8642578125,-921.817626953125,0.0,Nearest,-903.63,-2272.37,19.3,18,"5,6,7"
风标草原,,,,,,,,605.45,-264.65,,18,"5,6,7"
食堂,HyruleCastle_Room_1,Dining Hall,食堂,-111.85792541503906,-852.138916015625,210.3932647705078,Nearest,-880.51,-87.29,37.5,18,"5,6,7"
麦贝镇遗迹,RonronCity,Mabe Village Ruins,麦贝镇遗迹,-37.20263671875,185.716064453125,0.0,Nearest,175.0,-62.54,27.5,18,"5,6,7"
鼓隆桥,GoronBridge,Stolock Bridge,鼓隆桥,1627.1951904296875,-2478.00390625,559.3782958984375,Near,-2477.34,1625.4,1.9,18,"5,6,7"
齐洛利森林,,,,,,,,-1770.91,1015.74,,18,"5,6,7"
一始拉力赛,,,,,,,,-1679.45,3744.3,,18,"6,7"
三叉山道,,,,,,,,-764.12,2687.7,,18,"6,7"
丘萨茨湖,,,,,,,,-1193.03,2186.52,,18,"6,7"
东南阿卡莱桥,MinakkareBridgeEast,East Sokkala Bridge,东南阿卡莱桥,3860.814208984375,-1095.105224609375,311.24188232421875,,-1095.11,3860.81,0.0,18,"6,7"
东哈特尔,,,,,,,,2507.28,2679.29,,18,"6,7"
东埃文坡高地,,,,,,,,-3673.37,1126.05,,18,"6,7"
东格鲁德,,,,,,,,3539.3,-2537.65,,18,"6,7"
东格鲁德天空诸岛,SkyIslands_Gerudo01,East Gerudo Sky Archipelago,东格鲁德天空诸岛,-1866.2982177734375,2316.1748046875,2000.0,,2107.48,-1942.4,222.1,18,"6,7"
东格鲁德高地,,,,,,,,2987.6,-1576.91,,18,"6,7"
东海布拉天空诸岛,SkyIslands_Hebra02,East Hebra Sky Archipelago,东海布拉天空诸岛,-1729.4683837890625,-3171.4013671875,2000.0,,-3397.57,-1783.45,232.5,18,"6,7"
东海拉鲁城邑遗迹,,,,,,,,-457.56,-14.1,,18,"6,7"
东部的储水湖,EastDam,East Reservoir Lake,东部的储水湖,3667.748046875,-179.846435546875,324.3230285644531,,-195.11,3671.39,15.7,18,"6,7"
东部的驿站村遗迹,EastPostTownRuin,East Post Ruins,东部的驿站村遗迹,17.56396484375,1560.67138671875,58.02989959716797,,1560.67,17.56,0.0,18,"6,7"
东部神殿遗迹,,,,,,,,1959.68,-530.63,,18,"6,7"
东部高台,Kakariko_EastHill,East Hill,东部高台,1867.9306640625,804.02880859375,166.68553161621094,,834.63,1988.25,124.1,18,"6,7"
东阿卡莱平原,,,,,,,,-2148.71,4096.21,,18,"6,7"
东阿卡莱海岸,,,,,,,,-2400.41,4353.73,,18,"6,7"
丝莱米的小屋,GameShiledSurf,Selmie's Spot,丝莱米的小屋,-2952.026611328125,-3142.86376953125,656.1971435546875,,-3142.86,-2952.03,0.0,18,"6,7"
中央海拉鲁天空诸岛,SkyIslands_Hyrule01,Central Hyrule Sky Archipelago,中央海拉鲁天空诸岛,131.83099365234375,92.04000854492188,2054.728515625,,-69.88,246.05,198.2,18,"6,7"
中鼓湖,,,,,,,,-1773.66,2212.71,,18,"6,7"
乌克克平原,,,,,,,,-977.12,3950.51,,18,"6,7"
乌奥谷,,,,,,,,3259.86,2469.42,,18,"6,7"
乌尔利山,,,,,,,,-2093.09,3612.61,,18,"6,7"
乌尔希池塘,,,,,,,,1905.71,3721.61,,18,"6,7"
乌拉伊特湖,,,,,,,,2942.55,1789.1,,18,"6,7"
乌波茨台地,,,,,,,,3629.55,1608.7,,18,"6,7"
乌洛克海角,,,,,,,,3261.27,3544.81,,18,"6,7"
二殿,,,,,,,,-859.46,-166.64,,18,"6,7"
亚哲台地,,,,,,,,2465.71,1506.61,,18,"6,7"
亚娜谷,,,,,,,,2816.82,-1867.92,,18,"6,7"
亚玛比湖,,,,,,,,3583.52,2475.18,,18,"6,7"
亚阔桥,KunaiBridge,Aquame Bridge,亚阔桥,-1128.805908203125,1017.0532836914062,112.4490966796875,,1017.05,-1128.81,0.0,18,"6,7"
伊巴拉高地,,,,,,,,3789.28,765.23,,18,"6,7"
伊格尔斯桥,EzzuBridge,Eagus Bridge,伊格尔斯桥,969.6923828125,942.8338623046875,99.1319351196289,,942.95,970.09,0.4,18,"6,7"
伊萨奇海角,,,,,,,,3656.96,3800.01,,18,"6,7"
伊露美娜台地,,,,,,,,14.73,-3105.98,,18,"6,7"
伊露美娜池塘,,,,,,,,149.46,-3536.96,,18,"6,7"
依盖队基地,Assassin,Yiga Clan Hideout,依盖队基地,-3611.611083984375,1353.273193359375,436.2685546875,,1343.79,-3571.08,41.6,18,"6,7"
储水池遗迹,HyruleWater,Water Reservoir,储水池遗迹,-596.6741333007812,-525.3184814453125,95.97738647460938,,-525.32,-596.67,0.0,18,"6,7"
光明室,,,,,,,,3685.81,-4595.63,,18,"6,7"
光炎室,,,,,,,,3656.11,-4474.01,,18,"6,7"
克拉尔湖,,,,,,,,3215.87,2019.89,,18,"6,7"
克拉里海滩,,,,,,,,3897.38,2585.38,,18,"6,7"
克洛伊达高地,,,,,,,,2577.82,2134.74,,18,"6,7"
克罗切利平原,,,,,,,,1913.81,2133.17,,18,"6,7"
克莱西亚半岛,,,,,,,,3807.48,3420.64,,18,"6,7"
八爪怪森林,,,,,,,,-3089.09,3352.47,,18,"6,7"
八爪怪池塘,Akkare_OctaPond,Octorok Lake,八爪怪池塘,4069.00634765625,-2460.238525390625,137.329345703125,,-2460.24,4069.01,0.0,18,"6,7"
八英雄像的房间,,,,,,,,2534.08,-3763.39,,18,"6,7"
冰冻山麓,,,,,,,,-3792.54,-4311.6,,18,"6,7"
凯亚池塘,,,,,,,,1964.77,3493.34,,18,"6,7"
凯坡拉岭,,,,,,,,-1206.42,4114.77,,18,"6,7"
初始台地,HopesPlateau,Great Plateau,初始台地,-938.1170654296875,1905.66015625,235.46449279785156,,1782.78,-1248.46,333.8,18,"6,7"
利科纳半岛,,,,,,,,679.88,1605.52,,18,"6,7"
利诺斯岭,,,,,,,,-2236.13,-3793.15,,18,"6,7"
利贝拉树海,,,,,,,,3326.1,1885.24,,18,"6,7"
力量之泉,PowerFountain,Spring of Power,力量之泉,3756.12646484375,-2672.13671875,101.19505310058594,,-2672.14,3756.13,0.0,18,"6,7"
加卜台地,,,,,,,,58.05,3910.34,,18,"6,7"
劳鲁丘陵,,,,,,,,-1537.65,497.75,,18,"6,7"
勇气之泉,BraveFountain,Spring of Courage,勇气之泉,879.5,2371.819580078125,103.0,,2371.82,879.5,0.0,18,"6,7"
勇萨米平原,,,,,,,,2942.13,2270.27,,18,"6,7"
包美尔高地,,,,,,,,1760.07,429.72,,18,"6,7"
北哈特尔天空诸岛,SkyIslands_Hyrule02,North Necluda Sky Archipelago,北哈特尔天空诸岛,1795.116943359375,864.0540161132812,2000.0,,1165.1,1753.05,304.0,18,"6,7"
北格鲁德天空诸岛,SkyIslands_Gerudo02,North Gerudo Sky Archipelago,北格鲁德天空诸岛,-3573.1611328125,607.92919921875,2000.0,,526.51,-3580.12,81.7,18,"6,7"
北格鲁德巨石,,,,,,,,2247.35,-3321.69,,18,"6,7"
北格鲁德遗迹,NorthGerudoRuins,North Gerudo Ruins,北格鲁德遗迹,-3763.0,2530.0,150.0,,2530.83,-3762.73,0.9,18,"6,7"
北洛美城堡遗迹,SaihokuCastle,North Lomei Labyrinth,北洛美城堡遗迹,-824.25927734375,-3407.207763671875,342.144775390625,,-3532.0,-825.4,124.8,18,"6,7"
北海拉鲁天空诸岛,SkyIslands_Hyrule04,North Hyrule Sky Archipelago,北海拉鲁天空诸岛,349.93206787109375,-2354.297607421875,2000.0,,-2496.9,316.48,146.5,18,"6,7"
北海拉鲁平原,,,,,,,,-824.82,-1313.67,,18,"6,7"
北部冰屋,IceHouse,Northern Icehouse,北部冰屋,-3748.944091796875,2290.90673828125,131.81854248046875,,2289.5,-3749.41,1.5,18,"6,7"
北阿卡莱天空诸岛,SkyIslands_Tamul02,North Akkala Sky Archipelago,北阿卡莱天空诸岛,3703.7099609375,-2998.64697265625,1850.0,,-3316.41,3782.92,327.5,18,"6,7"
北阿卡莱平原,,,,,,,,-2823.35,3803.34,,18,"6,7"
北阿卡莱海岸,,,,,,,,-2923.51,4717.3,,18,"6,7"
北阿卡莱高地,,,,,,,,-2915.46,4177.5,,18,"6,7"
升天室,,,,,,,,3602.37,-4509.36,,18,"6,7"
卓拉台地,,,,,,,,-876.86,3137.31,,18,"6,7"
卓拉大桥,,,,,,,,-314.3,3233.18,,18,"6,7"
卓拉河,,,,,,,,-364.39,2657.78,,18,"6,7"
南哈特尔天空诸岛,SkyIslands_Hateru02,South Necluda Sky Archipelago,南哈特尔天空诸岛,2559.24609375,3751.43798828125,1000.0,,3601.44,2559.25,150.0,18,"6,7"
南奥尔汀天空诸岛,SkyIslands_Eldin02,South Eldin Sky Archipelago,南奥尔汀天空诸岛,1924.8409423828125,-798.7322998046875,2000.0,,-1153.35,1892.63,356.1,18,"6,7"
南拉聂尔天空诸岛,SkyIslands_Lanayru02,South Lanayru Sky Archipelago,南拉聂尔天空诸岛,4368.39599609375,1254.572021484375,2000.0,,982.41,4320.97,276.3,18,"6,7"
南洛美城堡遗迹,NantanCastle,South Lomei Labyrinth,南洛美城堡遗迹,-1794.9998779296875,3541.0,191.11764526367188,,3457.6,-1794.2,83.4,18,"6,7"
南海拉鲁天空诸岛,SkyIslands_Hyrule03,South Hyrule Sky Archipelago,南海拉鲁天空诸岛,-901.2310180664062,1380.0,2000.0,,1445.26,-992.38,112.1,18,"6,7"
南纳比湖,,,,,,,,1604.0,870.4,,18,"6,7"
南部绿洲,,,,,,,,3581.08,-3721.73,,18,"6,7"
南部绿洲训练场,SouthGerudoRuinsCamp,Southern Oasis Training Area,南部绿洲训练场,-3647.428466796875,3668.181884765625,121.32950592041016,,3635.17,-3650.38,33.1,18,"6,7"
南部采矿场,Cave_Eldin_0026,,,,,,,-1973.85,1657.89,,18,"6,7"
南阿卡莱天空诸岛,SkyIslands_Tamul01,Sokkala Sky Archipelago,南阿卡莱天空诸岛,3738.987060546875,-1688.5860595703125,2000.0,,-1675.35,3755.64,21.3,18,"6,7"
南阿卡莱平原,,,,,,,,-1352.08,3272.71,,18,"6,7"
南阿卡莱桥,MinakkareBridge,Sokkala Bridge,南阿卡莱桥,3686.265380859375,-1004.0167236328125,311.42156982421875,,-1004.02,3686.27,0.0,18,"6,7"
南阿卡莱湖,,,,,,,,-1126.58,3586.34,,18,"6,7"
南阿卡莱瀑布,,,,,,,,-1171.45,3732.23,,18,"6,7"
卡伊更池塘,,,,,,,,1698.88,3208.8,,18,"6,7"
卡伊更高地,,,,,,,,1385.77,3200.98,,18,"6,7"
卡兹溜河,,,,,,,,2762.54,1023.65,,18,"6,7"
卡兹溜湖,,,,,,,,2583.12,928.17,,18,"6,7"
卡卡利科桥,KochuBridge,Kakariko Bridge,卡卡利科桥,1784.9971923828125,1532.9130859375,98.44063568115234,,1532.91,1785.0,0.0,18,"6,7"
卡坡莱山,,,,,,,,2629.13,-925.64,,18,"6,7"
卡尔加岭,,,,,,,,-2363.1,-3574.7,,18,"6,7"
卡尔山,,,,,,,,3474.81,2566.63,,18,"6,7"
卡尔萨谷,,,,,,,,1854.5,-4308.19,,18,"6,7"
卡扎那裂谷,,,,,,,,-3254.74,3454.68,,18,"6,7"
卡斯拉山,,,,,,,,-2422.53,-3243.4,,18,"6,7"
卡格萨群山,,,,,,,,3222.28,-556.51,,18,"6,7"
卡洛克桥,TotsugeBridge,Carok Bridge,卡洛克桥,-1087.7874755859375,-474.6084899902344,130.0,,-474.61,-1087.79,0.0,18,"6,7"
卡玛斯台地,,,,,,,,2989.0,1436.45,,18,"6,7"
卡琳高原,,,,,,,,1779.89,2600.78,,18,"6,7"
卡纳莱特高原,,,,,,,,-1906.98,3308.85,,18,"6,7"
卡艾德半岛,,,,,,,,2372.2,4663.08,,18,"6,7"
卡萨伊美平原,,,,,,,,3682.92,-332.9,,18,"6,7"
卢玛琳沙丘,,,,,,,,2731.0,-4762.8,,18,"6,7"
卢驰尔湖,,,,,,,,633.13,-2531.65,,18,"6,7"
双子哥哥桥,BigBrotherBridge,Big Twin Bridge,双子哥哥桥,1673.1136474609375,2032.8193359375,83.9720458984375,,2032.82,1673.11,0.0,18,"6,7"
双子山,,,,,,,,1781.72,1358.1,,18,"6,7"
古代石柱群,StonePillers,Ancient Columns,古代石柱群,-3574.307861328125,-436.8629150390625,469.24102783203125,,-418.69,-3673.9,101.2,18,"6,7"
古利奥桥,NishojiBridge,Gleeok Bridge,古利奥桥,-1310.033447265625,786.8482055664062,96.74230194091797,,787.8,-1311.21,1.5,18,"6,7"
古奇尼扎平原,,,,,,,,3363.72,869.92,,18,"6,7"
古奇尼扎平原古墓群,GutinizaPlainTomb,Guchini Plain Barrows,古奇尼扎平原古墓群,1004.2438354492188,3456.955810546875,14.43975830078125,,3456.96,1004.24,0.0,18,"6,7"
古斯塔夫山,,,,,,,,-210.86,-915.31,,18,"6,7"
吉希山丘,,,,,,,,-679.18,-3478.07,,18,"6,7"
吉萨山丘,,,,,,,,-948.87,-3638.63,,18,"6,7"
吉萨的环形山,TabantaCrater,Gisa Crater,吉萨的环形山,-3930.938232421875,-1067.803466796875,198.29855346679688,,-1089.51,-3931.32,21.7,18,"6,7"
哈希毕罗湖,,,,,,,,-1233.79,-3383.48,,18,"6,7"
哈拉亚池塘,,,,,,,,3477.89,376.62,,18,"6,7"
哈格罗莫湖,,,,,,,,948.33,1710.64,,18,"6,7"
哈特尔天空诸岛,SkyIslands_Hateru01,Necluda Sky Archipelago,哈特尔天空诸岛,2540.85791015625,2270.68310546875,2000.0,,2607.33,2646.12,352.7,18,"6,7"
哈特尔海,,,,,,,,2845.04,4141.21,,18,"6,7"
哈特诺堡垒,HatenoGate,Fort Hateno,哈特诺堡垒,2323.95361328125,1837.392333984375,77.07476043701172,,1837.39,2323.95,0.0,18,"6,7"
哈特诺学校,,,,,,,,1974.68,3366.68,,18,"6,7"
哈特诺小岛,,,,,,,,2944.78,4008.37,,18,"6,7"
哈特诺海滩,,,,,,,,2314.7,4016.55,,18,"6,7"
哈特诺湾,,,,,,,,2422.68,4021.11,,18,"6,7"
哈特诺牧场,,,,,,,,2094.64,3619.22,,18,"6,7"
埃文坡高地,,,,,,,,-3693.15,335.73,,18,"6,7"
城邑监视塔遗迹,HyruleTower,Castle Town Watchtower,城邑监视塔遗迹,80.4970703125,-410.9553527832031,117.15135192871094,,-410.96,80.5,0.0,18,"6,7"
基尔克台地,,,,,,,,1556.14,-2616.18,,18,"6,7"
基纳比森林,,,,,,,,2083.38,3202.2,,18,"6,7"
塔姆海角,,,,,,,,897.24,4480.14,,18,"6,7"
塔尔塔尔台地,,,,,,,,-339.15,4147.11,,18,"6,7"
塔尔荷池塘,,,,,,,,2232.88,3266.48,,18,"6,7"
塔巴尔森林,,,,,,,,-176.82,2572.54,,18,"6,7"
塔林湿地,,,,,,,,-1636.77,3601.31,,18,"6,7"
塔玛湖,,,,,,,,-1897.98,-2963.51,,18,"6,7"
塔莫沼泽,,,,,,,,1842.49,1977.85,,18,"6,7"
塔菲亚高地,,,,,,,,1819.19,-2807.47,,18,"6,7"
塔邦挞大桥,TabantaBridge,Tabantha Great Bridge,塔邦挞大桥,-3110.768798828125,-583.623046875,264.1749267578125,,-585.09,-3006.83,103.9,18,"6,7"
塔邦挞大雪原,,,,,,,,-2792.61,-1811.89,,18,"6,7"
塔邦挞天空诸岛,SkyIslands_Tabanta01,Tabantha Sky Archipelago,塔邦挞天空诸岛,-2942.518798828125,-558.3880615234375,2000.0,,-664.48,-3676.14,741.3,18,"6,7"
塔邦挞山丘,,,,,,,,-1843.0,-2464.51,,18,"6,7"
塔邦挞村遗迹,TabantaVillage,Tabantha Village Ruins,塔邦挞村遗迹,-2324.0,-1895.0,277.0,,-1895.0,-2324.0,0.0,18,"6,7"
塔邦挞边境,,,,,,,,-1220.97,-3476.17,,18,"6,7"
塞哈特诺岛,Cohorint,Eventide Island,塞哈特诺岛,4586.15869140625,3629.857666015625,140.42605590820312,,3611.29,4607.68,28.4,18,"6,7"
塞拉瀑布,,,,,,,,-455.62,3082.76,,18,"6,7"
塞莱斯平原,,,,,,,,-449.83,-2323.9,,18,"6,7"
夏利巴山,,,,,,,,-2682.16,-3171.54,,18,"6,7"
夏特岭,,,,,,,,-2273.78,3382.51,,18,"6,7"
夏特村落遗迹,GarakishiVillage,Shadow Hamlet Ruins,夏特村落遗迹,3044.972412109375,-2281.27490234375,444.9367980957031,,-2299.47,3053.78,20.2,18,"6,7"
多尔米森林,,,,,,,,2163.63,3100.82,,18,"6,7"
大妖精之泉,WeaponCureSpring_DressFairy_00,Great Fairy Fountain,大妖精之泉,1767.623291015625,2179.93310546875,106.05299377441406,,-2994.87,-1460.47,6099.1,18,"6,7"
天望山丘,,,,,,,,1898.34,-20.78,,18,"6,7"
奇克伦岛,,,,,,,,-1374.0,4705.74,,18,"6,7"
奇塔诺湾,,,,,,,,2503.47,3684.65,,18,"6,7"
奇希莱平原,,,,,,,,2867.27,1492.77,,18,"6,7"
奇比纳湖,,,,,,,,3512.1,1017.21,,18,"6,7"
奈兹坡树林,,,,,,,,3567.09,-339.34,,18,"6,7"
奈弗拉高地,,,,,,,,1509.35,-2166.35,,18,"6,7"
奉光室,,,,,,,,3558.53,-4571.59,,18,"6,7"
奥克诺湾,,,,,,,,2355.34,4283.44,,18,"6,7"
奥尔汀台地,,,,,,,,-3678.55,2292.72,,18,"6,7"
奥尔汀大化石,OrdinFossil,Eldin Great Skeleton,奥尔汀大化石,1502.239990234375,-3762.966552734375,209.03924560546875,,-3762.97,1502.24,0.0,18,"6,7"
奥尔汀天空诸岛,SkyIslands_Eldin01,Eldin Sky Archipelago,奥尔汀天空诸岛,1777.0,-2705.5,2000.0,,-2550.0,1777.0,155.5,18,"6,7"
奥尔汀山脉,,,,,,,,-3375.62,1310.08,,18,"6,7"
奥尔汀峡谷,,,,,,,,-1400.64,1852.76,,18,"6,7"
奥尔汀桥,OrdinBridge,Bridge of Eldin,奥尔汀桥,2213.640380859375,-2356.299560546875,631.5,,-2356.3,2213.64,0.0,18,"6,7"
奥尔龙盆地,,,,,,,,-2525.24,3654.48,,18,"6,7"
奥布力平原,,,,,,,,1883.29,3060.01,,18,"6,7"
奥布巴巴草地,,,,,,,,2725.53,-1227.89,,18,"6,7"
娜波露山,,,,,,,,1920.12,-1885.74,,18,"6,7"
安吉尔台地,,,,,,,,2619.63,1715.5,,18,"6,7"
密斯密桥,TaserakaBridge,Thims Bridge,密斯密桥,1283.681640625,-690.14013671875,127.0,,-692.59,1285.59,3.1,18,"6,7"
尝试海角,,,,,,,,-397.0,3757.12,,18,"6,7"
尼凯尔平原,,,,,,,,445.0,-1608.43,,18,"6,7"
左纳乌调查队据点,,,,,,,,956.12,1828.8,,18,"6,7"
左纳乌遗迹群,ZonauLegacy,Zonai Ruins,左纳乌遗迹群,889.8621826171875,2937.3486328125,74.07652282714844,,2937.35,889.86,0.0,18,"6,7"
巨人森林,,,,,,,,114.0,-1184.64,,18,"6,7"
巴奇平原,,,,,,,,-1434.89,-901.65,,18,"6,7"
巴尔达斯的餐厅,EldinRestaurants,Bedrock Bistro,巴尔达斯的餐厅,1750.5,-1549.0,390.5,,-1539.0,1730.5,22.4,18,"6,7"
巴尔麦平原,,,,,,,,3134.55,193.45,,18,"6,7"
巴美山丘,,,,,,,,-1614.11,-3998.9,,18,"6,7"
布伊达湖,,,,,,,,3679.67,1854.7,,18,"6,7"
布兰努山丘,,,,,,,,382.12,3927.26,,18,"6,7"
布冰嘉森林,,,,,,,,2094.24,2085.39,,18,"6,7"
布莱德台地,,,,,,,,1570.96,2700.25,,18,"6,7"
希克里森林,,,,,,,,2441.78,1951.0,,18,"6,7"
帕发海岸,,,,,,,,3897.29,231.51,,18,"6,7"
帕鲁荒原,,,,,,,,2981.83,-3117.93,,18,"6,7"
席美达山,,,,,,,,2461.16,2548.45,,18,"6,7"
平原牧场遗迹,,,,,,,,275.67,108.13,,18,"6,7"
库坦池塘,,,,,,,,2944.84,2700.94,,18,"6,7"
库姆之地,,,,,,,,-2850.5,-4109.84,,18,"6,7"
库姆的秘泉,KumSpa,Sturnida Secret Hot Spring,库姆的秘泉,-4089.0,-2731.5,83.5,,-2731.5,-4089.0,0.0,18,"6,7"
库斯湖,,,,,,,,2042.06,3061.68,,18,"6,7"
库罕池塘,,,,,,,,2730.74,2787.81,,18,"6,7"
库荷山,,,,,,,,-1326.91,-3834.28,,18,"6,7"
德依布朗遗迹,BlindForest,Thyphlo Ruins,德依布朗遗迹,327.0043640136719,-3079.970947265625,0.0,,-3095.73,316.0,19.2,18,"6,7"
德谷多吊桥,XekuBridge,Digdogg Suspension Bridge,德谷多吊桥,-1661.3699951171875,1531.3277587890625,160.29067993164062,,1615.0,-1678.0,85.3,18,"6,7"
忘却神殿,KingValley,Forgotten Temple,忘却神殿,-1578.4407958984375,-2106.5400390625,0.0,,-2260.94,-1423.21,218.9,18,"6,7"
思古兰特树海,,,,,,,,3058.27,689.89,,18,"6,7"
恰加拉海滨,,,,,,,,3559.93,3194.1,,18,"6,7"
戴比岛,,,,,,,,-608.12,4636.83,,18,"6,7"
托托湖,,,,,,,,-889.85,3478.03,,18,"6,7"
托斯迈吉亚台地,,,,,,,,405.92,-4044.92,,18,"6,7"
托洛伊瓦高原,,,,,,,,365.49,4444.85,,18,"6,7"
托洛鼓悬崖,,,,,,,,-1890.88,1818.74,,18,"6,7"
托西奇池塘,,,,,,,,2533.54,2397.31,,18,"6,7"
托隆波海滩,,,,,,,,3552.55,4498.38,,18,"6,7"
拉布拉山,,,,,,,,-1340.18,-1939.72,,18,"6,7"
拉明平原,,,,,,,,-2025.64,-1218.67,,18,"6,7"
拉聂尔参道东口,LanayruEastEntrance,Lanayru Road - East Gate,拉聂尔参道东口,3186.644775390625,1152.425537109375,344.7451171875,,1156.32,3157.37,29.5,18,"6,7"
拉聂尔参道中央广场,ShigonDam,Lanayru Promenade,拉聂尔参道中央广场,2718.1865234375,1116.644775390625,81.667236328125,,1116.64,2718.19,0.0,18,"6,7"
拉聂尔参道西口,LanayruWestEntrance,Lanayru Road - West Gate,拉聂尔参道西口,2299.192626953125,713.8688354492188,297.2833251953125,,768.77,2283.39,57.1,18,"6,7"
拉聂尔台地,,,,,,,,917.77,2798.95,,18,"6,7"
拉聂尔大水源,,,,,,,,108.87,3568.64,,18,"6,7"
拉聂尔天空诸岛,SkyIslands_Lanayru03,Lanayru Sky Archipelago,拉聂尔天空诸岛,3010.072265625,-83.19644165039062,2000.0,,-114.66,3043.1,45.6,18,"6,7"
拉聂尔山,,,,,,,,1120.24,3882.4,,18,"6,7"
拉聂尔海,,,,,,,,-196.8,4674.54,,18,"6,7"
拉聂尔湿地,,,,,,,,58.98,1825.73,,18,"6,7"
拉聂尔群山,,,,,,,,1596.34,3993.52,,18,"6,7"
拉聂尔高地,,,,,,,,1244.8,2929.5,,18,"6,7"
拉贝岩礁,,,,,,,,3850.02,-174.46,,18,"6,7"
拉贝拉湿地带,,,,,,,,2782.41,2420.0,,18,"6,7"
拉鲁特大桥,DodoraBridge,Luto's Crossing,拉鲁特大桥,3067.7861328125,-3.112060546875,262.9678039550781,,8.17,3085.11,20.7,18,"6,7"
摩尔德岛,,,,,,,,206.69,1843.09,,18,"6,7"
摩尔达巴山,,,,,,,,3599.81,-1391.49,,18,"6,7"
摩尔迦娜山,,,,,,,,3361.44,-1376.09,,18,"6,7"
撒丁公园遗迹,SojijiPark,Sanidin Park Ruins,撒丁公园遗迹,-1630.0,695.564208984375,246.74261474609375,,688.02,-1629.73,7.5,18,"6,7"
撒戎树海,,,,,,,,3279.1,1131.63,,18,"6,7"
撒戎桥,SarjonBridge,Sarjon Bridge,撒戎桥,1025.146240234375,3235.45947265625,125.02842712402344,,3235.46,1025.15,0.0,18,"6,7"
文特岛,,,,,,,,987.95,4517.7,,18,"6,7"
斯塔尔里台地,,,,,,,,2714.92,-1571.53,,18,"6,7"
斯普尔湾,,,,,,,,-192.52,4403.18,,18,"6,7"
无底池塘,,,,,,,,581.55,509.92,,18,"6,7"
时之森林,,,,,,,,1525.37,-367.97,,18,"6,7"
时之神殿遗迹,TimesShrine,Temple of Time Ruins,时之神殿遗迹,-818.0821533203125,2002.0025634765625,222.0002899169922,,1937.82,-805.85,65.3,18,"6,7"
智慧之泉,WiseFountain,Spring of Wisdom,智慧之泉,3926.441650390625,1335.4703369140625,555.9635009765625,,1335.47,3926.44,0.0,18,"6,7"
暴风谷,,,,,,,,-2954.23,-3065.76,,18,"6,7"
更格尔山,,,,,,,,-418.94,1169.9,,18,"6,7"
更格尔山丘,,,,,,,,-909.21,680.54,,18,"6,7"
本拉斯树海,,,,,,,,3254.44,1477.94,,18,"6,7"
杜·邦山脉,,,,,,,,119.19,2728.61,,18,"6,7"
杜艾斯岛,,,,,,,,90.73,1745.89,,18,"6,7"
杰德桥,LeMarbeBridge,Jeddo Bridge,杰德桥,-1689.858154296875,130.83578491210938,190.0,,129.82,-1689.55,1.1,18,"6,7"
松达建筑店 作业场所,UMiiVillage_JobField,Hudson Construction Site,松达建筑店 作业场所,3723.727783203125,-1611.935546875,219.23092651367188,,-1618.48,3685.66,38.6,18,"6,7"
林克的家,,,,,,,,-1379.92,4208.2,,18,"6,7"
林芭海滩,,,,,,,,3721.09,3167.14,,18,"6,7"
查波雪原,,,,,,,,1127.52,-3473.62,,18,"6,7"
柯库皮雪原,,,,,,,,-2508.51,-2345.44,,18,"6,7"
柯荷利特台地,,,,,,,,3742.75,4654.15,,18,"6,7"
格鲁德山顶,,,,,,,,699.14,-4104.68,,18,"6,7"
格鲁德峡谷,,,,,,,,2216.0,-2308.23,,18,"6,7"
格鲁德峡谷入口,GerudoCanyon_Entrance,Gerudo Canyon Pass,格鲁德峡谷入口,-1665.0,2028.0,80.0,,2028.0,-1665.0,0.0,18,"6,7"
格鲁德沙漠,,,,,,,,3428.9,-3681.58,,18,"6,7"
格鲁德沙漠入口,GerudoDesert_Entrance,Gerudo Desert Gateway,格鲁德沙漠入口,-2924.1181640625,2329.389892578125,138.41763305664062,,2329.39,-2924.12,0.0,18,"6,7"
格鲁德高地,,,,,,,,843.24,-4088.51,,18,"6,7"
梅布尔高原,,,,,,,,1424.2,1336.59,,18,"6,7"
梅竹台地,,,,,,,,1787.04,-2197.7,,18,"6,7"
欧兰桥,RirikendoBridge,Oren Bridge,欧兰桥,2875.4521484375,19.9541015625,187.5,,57.5,2877.5,37.6,18,"6,7"
欧荷利桥,MasazuBridge,Moat Bridge,欧荷利桥,-613.1675415039062,-666.885498046875,108.63424682617188,,-666.89,-613.17,0.0,18,"6,7"
死亡之山,,,,,,,,-2479.47,2530.13,,18,"6,7"
死亡之山登山口,DeathMountain_Entrance,Maw of Death Mountain,死亡之山登山口,2390.91357421875,-1316.3468017578125,146.12503051757812,,-1316.35,2390.91,0.0,18,"6,7"
死亡之山西边作业场所,DeathMountainWestWorkshop,Death Mountain West Site,死亡之山西边作业场所,2169.0,-2729.92333984375,635.5,,-2693.5,2169.0,36.4,18,"6,7"
死亡破火山口,,,,,,,,-2971.02,2563.4,,18,"6,7"
毅力崖,GameGutsCriff,Gut Check Rock,毅力崖,2685.934326171875,-3471.151611328125,302.0478515625,,-3471.15,2685.93,0.0,18,"6,7"
比利丁高地,,,,,,,,1868.02,-3475.82,,18,"6,7"
比托谷,,,,,,,,2564.32,1329.27,,18,"6,7"
比隆雪原,,,,,,,,-2982.07,-3719.05,,18,"6,7"
水涌之岛,EX_LowGravityIsland,Wellspring Island,水涌之岛,3520.25,-535.5,2000.0,,-559.77,3548.52,37.3,18,"6,7"
沃尔纳山,,,,,,,,-2635.12,-561.42,,18,"6,7"
沃尔纳特山,,,,,,,,1922.01,4170.0,,18,"6,7"
沃尔纳高地,,,,,,,,-3121.0,-344.38,,18,"6,7"
沃托里拉力赛,,,,,,,,3689.6,2977.98,,18,"6,7"
沙漠的裂缝,GerudoDesertCrack,Desert Rift,沙漠的裂缝,-3515.142333984375,2731.392333984375,79.15701293945312,,2731.39,-3515.14,0.0,18,"6,7"
法兰台地,,,,,,,,1225.73,2509.43,,18,"6,7"
泡泡拉高地,,,,,,,,2177.13,812.7,,18,"6,7"
波努鲁山地,,,,,,,,1130.31,2153.19,,18,"6,7"
波奇桥,ToriaBridge,Boneyard Bridge,波奇桥,270.2871398925781,-711.8923950195312,109.66494750976562,,-712.14,269.74,0.6,18,"6,7"
波奈湖,,,,,,,,-13.67,2083.95,,18,"6,7"
波浓岛,,,,,,,,383.67,1774.17,,18,"6,7"
泰尔美山,,,,,,,,2676.39,2483.6,,18,"6,7"
泰尔美岭,,,,,,,,2853.93,2713.69,,18,"6,7"
泰斯塔桥,SotonkaBridge,Manhala Bridge,泰斯塔桥,-1611.02783203125,1023.41796875,108.57080078125,,1016.82,-1610.28,6.6,18,"6,7"
泰格利平原,,,,,,,,2916.18,-754.04,,18,"6,7"
泰荷塔湿地,,,,,,,,3839.29,-629.77,,18,"6,7"
泽卡瓦米的秘泉,KingfisherSpa,Sherfin's Secret Hot Spring,泽卡瓦米的秘泉,-4319.5,-3495.0,460.5,,-3495.0,-4319.5,0.0,18,"6,7"
泽罗池塘,,,,,,,,-511.11,1646.41,,18,"6,7"
洁净池塘,,,,,,,,1314.12,3261.38,,18,"6,7"
洛兹伍德山,,,,,,,,2195.25,2377.45,,18,"6,7"
洛塔托台地,,,,,,,,830.23,3089.41,,18,"6,7"
洛美岛,LomeiIslands,Lomei Labyrinth Island,洛美岛,4655.4453125,-3527.4072265625,156.88916015625,,-3650.3,4654.1,122.9,18,"6,7"
海利亚大桥,HyralBridge,Bridge of Hylia,海利亚大桥,-37.407470703125,2518.481201171875,131.8359375,,2518.48,-37.41,0.0,18,"6,7"
海利亚山,,,,,,,,2180.24,-1277.15,,18,"6,7"
海利亚岛,,,,,,,,2638.24,-329.84,,18,"6,7"
海布拉冻原,,,,,,,,-3297.97,-3395.05,,18,"6,7"
海布拉北峰,,,,,,,,-3740.21,-3539.27,,18,"6,7"
海布拉山东岳,,,,,,,,-3053.67,-2752.84,,18,"6,7"
海布拉山北岳,,,,,,,,-3612.72,-3983.64,,18,"6,7"
海布拉山南岳,,,,,,,,-2576.25,-3471.16,,18,"6,7"
海布拉山山顶,,,,,,,,-2913.75,-2770.68,,18,"6,7"
海布拉山脉,,,,,,,,-3024.68,-3079.07,,18,"6,7"
海布拉山脉登山口的小屋,HeburaLodge,Hebra Trailhead Lodge,海布拉山脉登山口的小屋,-3572.022705078125,-2258.135009765625,227.83004760742188,,-2258.14,-3572.02,0.0,18,"6,7"
海布拉水源,,,,,,,,-2415.83,-2830.42,,18,"6,7"
海布拉河,,,,,,,,-2328.21,-2756.67,,18,"6,7"
海拉鲁丘陵,,,,,,,,-407.08,-2382.62,,18,"6,7"
海拉鲁军事演习场遗迹,HyrulePlace,Military Training Camp,海拉鲁军事演习场遗迹,855.0,-1427.0,196.5,,-1427.0,855.0,0.0,18,"6,7"
海拉鲁城邑遗迹,CastleTownMark,Hyrule Castle Town Ruins,海拉鲁城邑遗迹,-254.41683959960938,-375.6507873535156,-41.939788818359375,,-375.65,-254.42,0.0,18,"6,7"
海拉鲁大圣堂遗迹,HyruleTemple,Hyrule Cathedral,海拉鲁大圣堂遗迹,80.041015625,-628.24560546875,99.85395812988281,,-628.25,80.04,0.0,18,"6,7"
海拉鲁大森林,,,,,,,,-2545.78,363.83,,18,"6,7"
海拉鲁平原,,,,,,,,581.6,-458.72,,18,"6,7"
海拉鲁森林公园遗迹,HyrulePark,Hyrule Forest Park,海拉鲁森林公园遗迹,192.4190673828125,-937.74560546875,105.46299743652344,,-937.75,192.42,0.0,18,"6,7"
海拉鲁驻军地遗迹,HyruleGarrison,Hyrule Garrison Ruins,海拉鲁驻军地遗迹,-596.5,571.5,52.5,,571.5,-596.5,0.0,18,"6,7"
海马高地,,,,,,,,152.98,-4239.65,,18,"6,7"
深远阿卡莱,,,,,,,,-3186.16,3602.15,,18,"6,7"
深远阿卡莱平原,,,,,,,,-3348.96,3743.58,,18,"6,7"
澳尔帕台地,,,,,,,,1207.23,-2939.79,,18,"6,7"
火萤台地,,,,,,,,2380.3,2949.42,,18,"6,7"
爱恩河,,,,,,,,3251.92,-15.2,,18,"6,7"
特托拉平原,,,,,,,,3298.63,-348.24,,18,"6,7"
独杉群山,,,,,,,,2205.39,4403.44,,18,"6,7"
王室古代研究所遗迹,HyruleLabo,Royal Ancient Lab Ruins,王室古代研究所遗迹,-1249.5008544921875,-1023.3812255859375,200.0,,-1023.38,-1249.5,0.0,18,"6,7"
玛丽塔交易所遗迹,MarritaExchange,Maritta Exchange Ruins,玛丽塔交易所遗迹,-1781.5714111328125,-1685.0667724609375,200.0,,-1685.07,-1781.57,0.0,18,"6,7"
玛丽塔平原,,,,,,,,-1736.63,-1669.75,,18,"6,7"
玛克米诺谷,,,,,,,,3394.45,95.26,,18,"6,7"
玛德罗纳山,,,,,,,,1688.99,3821.57,,18,"6,7"
玛林湾,,,,,,,,-1900.77,4405.71,,18,"6,7"
玛科莱岛,,,,,,,,-2193.72,-259.56,,18,"6,7"
玛科莱湖,,,,,,,,-2749.98,337.24,,18,"6,7"
玛萨海湾,,,,,,,,3728.92,1206.68,,18,"6,7"
环卡遗迹,RingLegacy,Ring Ruins,环卡遗迹,1810.367919921875,906.7127075195312,290.65985107421875,,927.0,1813.5,20.5,18,"6,7"
珊湖,,,,,,,,3056.36,-48.06,,18,"6,7"
瓦舒阿山丘,,,,,,,,87.18,-2731.8,,18,"6,7"
白诘报社,NewspaperCompany,Lucky Clover Gazette,白诘报社,-3255.840576171875,-1757.5853271484375,256.6017761230469,,-1757.63,-3255.57,0.3,18,"6,7"
皮埃尔高地,,,,,,,,944.07,2213.06,,18,"6,7"
监狱遗迹,Execution,Castle Town Prison,监狱遗迹,-676.7860107421875,-836.9832763671875,92.37962341308594,,-836.98,-676.79,0.0,18,"6,7"
盖洛湖,,,,,,,,-1728.58,2427.52,,18,"6,7"
眼镜岩,,,,,,,,2538.04,-2222.08,,18,"6,7"
碎石场遗迹,,,,,,,,-413.94,-726.2,,18,"6,7"
神庙岛,,,,,,,,439.16,1661.44,,18,"6,7"
秋叶台地,,,,,,,,-3153.44,4166.96,,18,"6,7"
科嘉奈亚池塘,,,,,,,,2916.25,2995.04,,18,"6,7"
科尔奈海滩,,,,,,,,3656.19,2940.91,,18,"6,7"
科彭嘉岛,,,,,,,,355.06,1554.49,,18,"6,7"
科彭嘉村遗迹,ChirakaVillage,Goponga Village Ruins,科彭嘉村遗迹,1619.9368896484375,281.8609619140625,109.79548645019531,,281.86,1619.94,0.0,18,"6,7"
科摩罗池塘,,,,,,,,1163.09,-487.48,,18,"6,7"
科摩罗驻军地遗迹,GatakaraGarrison,Kolomo Garrison Ruins,科摩罗驻军地遗迹,-464.3898620605469,1272.5506591796875,128.99136352539062,,1272.55,-464.39,0.0,18,"6,7"
科莫莱海滩,,,,,,,,3932.49,698.76,,18,"6,7"
竞技场遗迹,Corosseo,Coliseum Ruins,竞技场遗迹,-1151.0,1262.5,50.0,,1262.5,-1151.0,0.0,18,"6,7"
米奇奇河,,,,,,,,-2549.58,1486.1,,18,"6,7"
米奥乌岛,,,,,,,,145.83,2024.59,,18,"6,7"
米德沼泽,,,,,,,,-2353.95,812.01,,18,"6,7"
米考湖,,,,,,,,-563.78,3548.67,,18,"6,7"
米诺米诺湾,,,,,,,,2879.94,3480.91,,18,"6,7"
精灵森林,,,,,,,,1705.28,-962.76,,18,"6,7"
红叶湖,,,,,,,,-3017.48,4268.15,,18,"6,7"
纳克仑岛,,,,,,,,-815.53,4653.2,,18,"6,7"
纳利夏高地,,,,,,,,1243.9,1849.91,,18,"6,7"
纳比湖,,,,,,,,1162.92,1098.47,,18,"6,7"
终焉之谷,,,,,,,,-554.41,-1437.21,,18,"6,7"
维斯岛,,,,,,,,300.23,1393.83,,18,"6,7"
罗姆山,,,,,,,,-776.02,-2690.96,,18,"6,7"
罗德拉姆半岛,,,,,,,,641.6,4444.75,,18,"6,7"
罗玛尼平原,,,,,,,,-358.19,338.48,,18,"6,7"
罗达伊湖,,,,,,,,3129.85,1864.0,,18,"6,7"
聂尔龙雪原,,,,,,,,1418.47,3508.39,,18,"6,7"
腾图丘陵,,,,,,,,3400.41,2381.76,,18,"6,7"
艾奇斯帕森林,,,,,,,,2011.59,3853.02,,18,"6,7"
艾尔姆丘陵,,,,,,,,-1796.79,-415.3,,18,"6,7"
艾波尼山,,,,,,,,2531.15,3350.91,,18,"6,7"
艾美拉尔台地,,,,,,,,1296.49,-4100.34,,18,"6,7"
芬拉斯树海,,,,,,,,2952.63,423.31,,18,"6,7"
芬萨桥,OsanjoBridge,Helmhead Bridge,芬萨桥,398.2904052734375,-1167.307373046875,110.24658966064453,,-1165.32,397.94,2.0,18,"6,7"
花之中州,FlowerSandbank,Floret Sandbar,花之中州,853.5999755859375,837.300048828125,59.79999923706055,,837.3,853.6,0.0,18,"6,7"
花柔莉亚大瀑布,,,,,,,,3256.5,1772.76,,18,"6,7"
花柔莉亚山,,,,,,,,2777.76,1931.04,,18,"6,7"
花柔莉亚桥,FloriaBridge,Floria Bridge,花柔莉亚桥,1731.42822265625,3454.841552734375,159.75515747070312,,3454.84,1731.43,0.0,18,"6,7"
花柔莉亚河,,,,,,,,3327.13,1277.0,,18,"6,7"
花柔莉亚湖,,,,,,,,3532.01,1737.86,,18,"6,7"
苹果森林,,,,,,,,-288.83,552.63,,18,"6,7"
茨卡耶台地,,,,,,,,2616.4,2855.96,,18,"6,7"
茹特拉大坝,,,,,,,,78.22,3557.45,,18,"6,7"
草笛山丘,,,,,,,,851.84,151.76,,18,"6,7"
荣光室,,,,,,,,3611.56,-4518.55,,18,"6,7"
荷奈尔桥,ShichijoBridge,Horwell Bridge,荷奈尔桥,680.188232421875,977.8677978515625,86.44087982177734,,977.87,680.19,0.0,18,"6,7"
荷隆湾,,,,,,,,314.36,4234.2,,18,"6,7"
莫尔赛湖,,,,,,,,1233.84,562.98,,18,"6,7"
莫约里桥,JokuBridge,Proxim Bridge,莫约里桥,207.05984497070312,1604.388427734375,63.122474670410156,,1604.39,207.06,0.0,18,"6,7"
莫里桥,,,,,,,,-1287.57,-3117.19,,18,"6,7"
莱波纳桥,JogoBridge,Rebonae Bridge,莱波纳桥,823.5714111328125,20.50970458984375,105.18086242675781,,20.51,823.57,0.0,18,"6,7"
萨乌兹岛,,,,,,,,169.61,1451.77,,18,"6,7"
萨尔法山丘,,,,,,,,856.56,-1756.46,,18,"6,7"
萨托利山,,,,,,,,288.26,-2259.38,,18,"6,7"
萨玛莎平原,,,,,,,,567.59,3238.91,,18,"6,7"
萨莉娅湖,,,,,,,,-1883.16,64.06,,18,"6,7"
萨菲亚斯台地,,,,,,,,1574.21,-3169.78,,18,"6,7"
蟹蟹岛,,,,,,,,-3073.99,1542.17,,18,"6,7"
西哈特尔,,,,,,,,1524.74,1297.49,,18,"6,7"
西哈特尔天空诸岛,SkyIslands_Firone02,West Necluda Sky Archipelago,西哈特尔天空诸岛,1295.386962890625,2346.8359375,2001.628662109375,,2071.01,1301.54,275.9,18,"6,7"
西埃文坡高地,,,,,,,,-3454.64,16.8,,18,"6,7"
西格鲁德,,,,,,,,2502.27,-4541.14,,18,"6,7"
西格鲁德遗迹,,,,,,,,2296.87,-4468.56,,18,"6,7"
西海拉鲁城邑遗迹,,,,,,,,-450.0,-514.23,,18,"6,7"
西海拉鲁天空诸岛,SkyIslands_Hyrule05,West Hyrule Sky Archipelago,西海拉鲁天空诸岛,-2292.015625,538.689453125,1000.0,,411.74,-2290.43,127.0,18,"6,7"
西海拉鲁平原,,,,,,,,-202.07,-1605.53,,18,"6,7"
觉醒山,,,,,,,,1463.03,2912.35,,18,"6,7"
许愿河畔,,,,,,,,-87.14,2751.72,,18,"6,7"
贝利尔雪原,,,,,,,,1090.75,-4556.4,,18,"6,7"
贝立德关卡,,,,,,,,3194.07,-2042.26,,18,"6,7"
贝莱平原,,,,,,,,-914.98,1392.17,,18,"6,7"
贝莱谷,,,,,,,,-709.56,2272.28,,18,"6,7"
费罗尼天空诸岛,SkyIslands_Firone01,Faron Sky Archipelago,费罗尼天空诸岛,-68.03298950195312,2751.132080078125,1000.0,,2550.03,-112.51,206.0,18,"6,7"
费罗尼树海入口,FironeForestEntrance,Faron Woods,费罗尼树海入口,413.5298767089844,3030.389404296875,66.51881408691406,,3030.39,413.53,0.0,18,"6,7"
费罗尼海,,,,,,,,3986.36,-51.16,,18,"6,7"
费罗尼草原,,,,,,,,3156.43,-423.3,,18,"6,7"
费罗龙台地,,,,,,,,2487.62,556.18,,18,"6,7"
贾拉湖,,,,,,,,2223.7,2967.45,,18,"6,7"
路特斯湖,,,,,,,,3089.04,1685.59,,18,"6,7"
路茨平原,,,,,,,,-481.12,-3805.89,,18,"6,7"
达夫奈斯山,,,,,,,,556.23,-1105.0,,18,"6,7"
达姆泽尔树海,,,,,,,,2700.08,832.08,,18,"6,7"
达尔布尔桥,SusukadiBridge,Inogo Bridge,达尔布尔桥,2344.239013671875,-249.47760009765625,119.5,,-237.5,2350.5,13.5,18,"6,7"
达拉伊特森林,,,,,,,,1138.95,-2051.04,,18,"6,7"
达斯齐达山,,,,,,,,3170.67,3197.39,,18,"6,7"
达斯齐达高原,,,,,,,,3081.75,3002.68,,18,"6,7"
达鲁尼亚湖,,,,,,,,-2841.86,1405.33,,18,"6,7"
达鲁波池塘,,,,,,,,-2042.68,2336.47,,18,"6,7"
达鲁马湖,,,,,,,,-3031.67,2005.74,,18,"6,7"
迈尔卡岛,,,,,,,,-131.02,1712.68,,18,"6,7"
迷途森林,LostForest,Lost Woods,迷途森林,723.0,-1918.5,243.5,,-1918.5,723.0,0.0,18,"6,7"
通往天空的连绵岛屿,Rito_SkyHighIsland,Rising Island Chain,通往天空的连绵岛屿,-3156.0,-3215.0,2000.0,,-3215.0,-3156.0,0.0,18,"6,7"
遮光室,,,,,,,,3706.31,-4553.91,,18,"6,7"
避难壕,BaseCamp_Shelter,Emergency Shelter,避难壕,-254.0,-98.0,112.94673156738281,,-98.0,-254.0,0.0,18,"6,7"
邦迈扎湖,,,,,,,,2873.27,904.49,,18,"6,7"
采光室,,,,,,,,3648.33,-4555.32,,18,"6,7"
门前驿站村遗迹,FrontGatePosttown,Gatepost Town Ruins,门前驿站村遗迹,-537.875,1445.4765625,106.68594360351562,,1445.48,-537.88,0.0,18,"6,7"
阔塔台地,,,,,,,,557.74,2157.72,,18,"6,7"
阿乌尔桥,HachijoBridge,Owlan Bridge,阿乌尔桥,325.4758605957031,1273.4111328125,63.122474670410156,,1273.41,325.48,0.0,18,"6,7"
阿克伦岛,,,,,,,,-1026.99,4651.7,,18,"6,7"
阿卡莱堡垒连通桥遗迹,AkkareZhaiBridge,Akkala Bridge Ruins,阿卡莱堡垒连通桥遗迹,3161.595703125,-1416.6414794921875,382.8829040527344,,-1416.64,3161.6,0.0,18,"6,7"
阿卡莱大桥,AkkareBigBridge,Akkala Span,阿卡莱大桥,3009.3466796875,-1231.556396484375,331.1661376953125,,-1231.56,3009.35,0.0,18,"6,7"
阿卡莱海,,,,,,,,-3428.55,4811.54,,18,"6,7"
阿卡莱湖,,,,,,,,-1496.9,3924.29,,18,"6,7"
阿卡莱练兵场遗迹,AkkareGarrison,Akkala Parade Ground Ruins,阿卡莱练兵场遗迹,3307.783203125,-1235.517822265625,217.46124267578125,,-1235.52,3307.78,0.0,18,"6,7"
阿卡莱高原,,,,,,,,-2205.88,3476.85,,18,"6,7"
阿尔达台地,,,,,,,,-2079.8,-735.72,,18,"6,7"
阿德亚村遗迹,AdeyaVillage,Deya Village Ruins,阿德亚村遗迹,354.5307312011719,1962.51318359375,115.00419616699219,,1962.51,354.53,0.0,18,"6,7"
阿拉伊索海岸,,,,,,,,3878.85,1936.1,,18,"6,7"
阿拉布平原,,,,,,,,590.48,2614.56,,18,"6,7"
阿拉弗拉平原,,,,,,,,3335.28,446.59,,18,"6,7"
阿沅队本部,Mine,YunoboCo HQ,阿沅队本部,1601.56103515625,-2832.371826171875,517.49560546875,,-2858.5,1618.5,31.1,18,"6,7"
阿盖特山,,,,,,,,861.76,-4931.03,,18,"6,7"
阿米麦台地,,,,,,,,3631.89,219.74,,18,"6,7"
阿莫西亚海岸,,,,,,,,1830.09,4603.31,,18,"6,7"
雅西诺海滩,,,,,,,,3459.75,3496.54,,18,"6,7"
雅西诺遗迹,YashinoLegacy,Palmorae Ruins,雅西诺遗迹,3462.30029296875,3378.536376953125,3.80413818359375,,3378.54,3462.3,0.0,18,"6,7"
雷兽山,,,,,,,,-660.04,3853.25,,18,"6,7"
雷鸣之岛,ZonauThunderSkyIsland,Thunderhead Isles,雷鸣之岛,911.68798828125,3064.657958984375,2000.0,,3064.66,911.69,0.0,18,"6,7"
露朵台地,,,,,,,,-235.48,3408.84,,18,"6,7"
露朵山,,,,,,,,94.8,3243.23,,18,"6,7"
露朵湖,,,,,,,,-162.51,3171.15,,18,"6,7"
露露湖,,,,,,,,-587.61,3709.5,,18,"6,7"
青蛙池塘,,,,,,,,1659.28,-1191.48,,18,"6,7"
飞行训练场,ValleyVillage,Flight Range,飞行训练场,-3852.72802734375,-2289.991943359375,95.32275390625,,-2302.08,-3808.69,45.7,18,"6,7"
马克雅林高地,,,,,,,,609.52,-3392.41,,18,"6,7"
马兹拉桥,ShijoBridge,Orsedd Bridge,马兹拉桥,517.107421875,-497.24395751953125,90.39151000976562,,-497.9,516.79,0.7,18,"6,7"
马尔鼓坑道,Cave_Eldin_0027,,,,,,,-2013.3,2007.96,,18,"6,7"
马尔鼓池塘,,,,,,,,-2150.35,2097.29,,18,"6,7"
马布尔德平原,,,,,,,,2282.41,2770.2,,18,"6,7"
马泷之泉,MaronSpring,Malanya Spring,马泷之泉,4296.0546875,-3218.709716796875,254.64031982421875,,-3219.05,4296.04,0.3,18,"6,7"
马神桥,TurasuBridge,Horse God Bridge,马神桥,596.946533203125,3722.38623046875,162.65383911132812,,3722.39,596.95,0.0,18,"6,7"
马神湖,,,,,,,,3635.11,635.19,,18,"6,7"
马秋兹半岛,,,,,,,,-2243.0,4616.4,,18,"6,7"
骷髅池塘,,,,,,,,-3498.72,3313.56,,18,"6,7"
鱼鳞飞舞之岛,Zora_FishIsland,Floating Scales Island,鱼鳞飞舞之岛,4077.055419921875,-535.5341186523438,1001.0,,-535.53,4077.06,0.0,18,"6,7"
鲁奇玛高地,,,,,,,,1417.04,-4527.03,,18,"6,7"
鲁皮湖,,,,,,,,-1144.25,1201.7,,18,"6,7"
鸟鸣草原,,,,,,,,204.79,-596.41,,18,"6,7"
麦贝草原,,,,,,,,-193.85,123.71,,18,"6,7"
黄泉河,,,,,,,,1981.25,-1227.88,,18,"6,7"
默米河,,,,,,,,1952.35,2821.55,,18,"6,7"
鼓大河,,,,,,,,-1842.93,1566.7,,18,"6,7"
鼓大湖,,,,,,,,-1482.79,1801.16,,18,"6,7"
鼓洛斯湖,,,,,,,,-2453.81,1864.91,,18,"6,7"
鼓隆温泉,,,,,,,,-2255.68,1775.96,,18,"6,7"
齐纳嘉莱湿地带,,,,,,,,-675.51,-2131.81,,18,"6,7"
龙之流放地,,,,,,,,3508.57,-4785.08,,18,"6,7"
龙头岛,ZonauTriedForceSkyIsland,Dragonhead Island,龙头岛,1460.0,3380.75,2000.0,,3329.81,1382.25,93.0,18,"6,7"
龙骨沼泽,DragonMarsh,Dragon Bone Mire,龙骨沼泽,-4144.5,-1698.5,214.0,,-1698.5,-4144.5,0.0,18,"6,7"
一始废矿,MinusField_UMiiVillage,Abandoned Tarrey Mine,一始废矿,3968.796875,-1715.30908203125,-200.0,Farthest,-1610.53,3968.37,104.8,19,"3,4,5,6,7"
中央大废矿,MinusField_BluePrintShrine,Great Abandoned Central Mine,中央大废矿,-730.763671875,1861.1468505859375,-299.0886535644531,Nearest,1922.58,-811.16,101.2,19,"3,4,5,6,7"
卡卡利科废矿,MinusField_Kakariko,Abandoned Kakariko Mine,卡卡利科废矿,1818.7471923828125,1299.065673828125,-460.9276428222656,Far,1198.49,1834.82,101.9,19,"3,4,5,6,7"
卡拉卡拉废矿,MinusField_Oasis,Abandoned Kara Kara Mine,卡拉卡拉废矿,-3171.492919921875,2311.0361328125,-369.9759521484375,Far,2472.54,-3213.22,166.8,19,"3,4,5,6,7"
哈特诺废矿,MinusField_Hateno,Abandoned Hateno Mine,哈特诺废矿,3548.317626953125,2228.456787109375,-379.6405029296875,Near,2238.53,3567.67,21.8,19,"3,4,5,6,7"
奥尔汀废矿,MinusField_Goron,Abandoned Eldin Mine,奥尔汀废矿,1649.13427734375,-2363.86669921875,-643.6769409179688,Nearest,-2406.06,1644.03,42.5,19,"3,4,5,6,7"
拉聂尔废矿,MinusField_WhiteZora,Abandoned Lanayru Mine,拉聂尔废矿,3170.45751953125,-935.9246215820312,-571.2808837890625,Farthest,-563.57,3281.13,388.5,19,"3,4,5,6,7"
格鲁德废矿,MinusField_Gerudo,Abandoned Gerudo Mine,格鲁德废矿,-3815.908203125,2889.5166015625,-277.06451416015625,Nearest,2876.48,-3805.02,17.0,19,"3,4,5,6,7"
沃托里废矿,MinusField_Taura,Abandoned Lurelin Mine,沃托里废矿,2966.97802734375,3605.921630859375,-200.0,Farthest,3381.74,2902.17,233.4,19,"3,4,5,6,7"
海布拉废矿,MinusField_Rito,Abandoned Hebra Mine,海布拉废矿,-3457.40380859375,-1862.201171875,-210.16122436523438,Nearest,-1852.23,-3473.31,18.8,19,"3,4,5,6,7"
僻壤竞技场,MinusField_HatenoGate,Secluded Coliseum,僻壤竞技场,2242.272216796875,1877.869873046875,-239.90280151367188,Nearest,1901.15,2243.1,23.3,19,"5,6,7"
卡尔谷采矿场,MinusField_GobyMt,Tuft Canyon Mine,卡尔谷采矿场,2557.083984375,3611.381103515625,-410.2550048828125,Nearest,3621.83,2556.4,10.5,19,"5,6,7"
卡斯拉谷采矿场,MinusField_KasuraMt,Corvash Canyon Mine,卡斯拉谷采矿场,-3322.1845703125,-2359.264404296875,-670.295166015625,Near,-2334.6,-3302.27,31.7,19,"5,6,7"
双子谷采矿场,MinusField_TwinsMountain,Dueling Canyons Mine,双子谷采矿场,1294.527099609375,1850.063232421875,-580.1859130859375,Near,1801.6,1318.67,54.1,19,"5,6,7"
古代地下堡垒,MinusField_AkkareZhai,Ancient Underground Fortress,古代地下堡垒,3310.28466796875,-1523.050048828125,-372.7442626953125,Nearest,-1504.48,3297.9,22.3,19,"5,6,7"
古栗欧克的巢,MinusField_BlindForest,Gleeok Den,古栗欧克的巢,330.9718017578125,-3111.24169921875,-352.61474609375,Nearest,-3119.61,329.06,8.6,19,"5,6,7"
孤岛竞技场,MinusField_Cohorint,Lone Island Coliseum,孤岛竞技场,4563.0615234375,3603.581787109375,-243.30322265625,Nearest,3619.85,4562.77,16.3,19,"5,6,7"
席美达熔岩瀑布,MinusField_HimeidaSpa,Meda Lavafalls,席美达熔岩瀑布,2253.0,2366.0,-450.0,Nearest,2378.19,2225.03,30.5,19,"5,6,7"
库荷谷采矿场,MinusField_HawkMt,Cuho Canyon Mine,库荷谷采矿场,-3810.88330078125,-1407.2789306640625,-471.993408203125,Near,-1330.74,-3825.49,77.9,19,"5,6,7"
拉布拉谷采矿场,MinusField_KikinosaMt,Lindor Canyon Mine,拉布拉谷采矿场,-2006.374267578125,-1326.716796875,-605.5108642578125,Nearest,-1323.9,-2022.01,15.9,19,"5,6,7"
拉聂尔谷采矿场,MinusField_LiveMountain,Lanayru Canyon Mine,拉聂尔谷采矿场,4003.337890625,1379.1693115234375,-637.6533203125,Near,1357.24,3991.05,25.1,19,"5,6,7"
明弗拉熔岩瀑布,MinusField_FlamingoSpa,Goflam's Lavafalls,明弗拉熔岩瀑布,-3398.88818359375,-3612.0,-704.622314453125,Near,-3578.54,-3396.7,33.5,19,"5,6,7"
智慧之源泉,MinusField_WiseFountain,Wellspring of Wisdom,智慧之源泉,3836.835693359375,1272.761962890625,-414.0150146484375,Near,1340.55,3850.42,69.1,19,"5,6,7"
更格尔谷采矿场,MinusField_GashamahiMt,Crenel Canyon Mine,更格尔谷采矿场,1154.0751953125,-381.1260681152344,-417.1773681640625,Near,-415.98,1153.25,34.9,19,"5,6,7"
格鲁德谷采矿场,MinusField_GerudoSummit,Gerudo Canyon Mine,格鲁德谷采矿场,-4175.15673828125,738.78564453125,-957.9180908203125,Near,693.42,-4172.71,45.4,19,"5,6,7"
水上竞技场,MinusField_AncientColosseum,Floating Coliseum,水上竞技场,-1151.501953125,1204.949951171875,-271.1876525878906,Near,1263.46,-1151.85,58.5,19,"5,6,7"
沙漠竞技场,MinusField_SouthGerudoLegacy,Desert Coliseum,沙漠竞技场,-4314.0009765625,3802.0673828125,-256.15167236328125,Nearest,3782.04,-4310.56,20.3,19,"5,6,7"
海利亚谷采矿场,MinusField_HyliaMt,Hylia Canyon Mine,海利亚谷采矿场,-1293.4381103515625,2193.83740234375,-499.1656494140625,Near,2225.07,-1290.94,31.3,19,"5,6,7"
海布拉谷采矿场,MinusField_HeburaPeak,Hebra Canyon Mine,海布拉谷采矿场,-2766.566650390625,-2897.8662109375,-769.5468139648438,Nearest,-2905.5,-2768.65,7.9,19,"5,6,7"
灼热竞技场,MinusField_LizardLake,Scorching Coliseum,灼热竞技场,2142.926025390625,-3173.7724609375,-609.0411987304688,Nearest,-3183.37,2143.55,9.6,19,"5,6,7"
达夫奈斯谷采矿场,MinusField_KinshoiMt,Daphnes Canyon Mine,达夫奈斯谷采矿场,-1065.3785400390625,573.9322509765625,-376.39215087890625,Nearest,568.67,-1063.57,5.6,19,"5,6,7"
阿卡莱骨冢,MinusField_DokuroPond,Akkala House of Bones,阿卡莱骨冢,3253.873046875,-3493.062744140625,-214.27294921875,Near,-3445.02,3254.08,48.0,19,"5,6,7"
马秋兹采矿坑,MinusField_MacusePeninsula,Rist Mine,马秋兹采矿坑,4579.939453125,-2143.278564453125,-181.29901123046875,Nearest,-2162.63,4629.73,53.4,19,"5,6,7"
乌尔利谷采矿场,MinusField_MoriMt,Ulri Canyon Mine,乌尔利谷采矿场,3682.951416015625,-2043.7222900390625,-554.460693359375,,-2043.72,3682.95,0.0,19,"6,7"
充满瘴气的魔窟,MinusField_GanondorfArea,Gloom's Lair,充满瘴气的魔窟,-249.21817016601562,-1041.2724609375,-1441.884521484375,,-1041.27,-249.22,0.0,19,"6,7"
克洛格树海,MinusField_KorokForest,Korok Grove,克洛格树海,405.6769104003906,-2100.0,-454.68524169921875,,-2146.29,407.31,46.3,19,"6,7"
克莱西亚采矿坑,MinusField_CresiaPeninsula,Cresia Pit Mine,克莱西亚采矿坑,3728.748779296875,3734.845703125,-501.2867736816406,,3734.85,3728.75,0.0,19,"6,7"
八爪怪树海,MinusField_GibogaHill,Rok Grove,八爪怪树海,3358.718994140625,-3079.2802734375,-499.19854736328125,,-3079.28,3358.72,0.0,19,"6,7"
力量之源泉,MinusField_PowerFountain,Wellspring of Power,力量之源泉,3733.14306640625,-2562.803466796875,-246.08799743652344,,-2587.03,3733.12,24.2,19,"6,7"
勇气之源泉,MinusField_BraveFountain,Wellspring of Courage,勇气之源泉,903.5361328125,2488.259765625,-252.98977661132812,,2385.11,880.06,105.8,19,"6,7"
北洛美地下层,MinusField_LomeiNorth,North Lomei Depths Labyrinth,北洛美地下层,-814.7457275390625,-3433.97216796875,-577.2521362304688,,-3533.54,-809.85,99.7,19,"6,7"
南洛美地下层,MinusField_LomeiSouth,South Lomei Depths Labyrinth,南洛美地下层,-1794.9998779296875,3579.200927734375,-433.2790222167969,,3459.67,-1796.53,119.5,19,"6,7"
卡兹溜祭坛,MinusField_KazuryuLake,Dracozu Altar,卡兹溜祭坛,905.98486328125,2556.257568359375,-361.80401611328125,,2556.26,905.98,0.0,19,"6,7"
卡坡莱谷采矿场,MinusField_KapporeMt,Faloraa Canyon Mine,卡坡莱谷采矿场,-970.5611572265625,2601.31201171875,-577.2723388671875,,2601.31,-970.56,0.0,19,"6,7"
卢咪的巢穴,MinusField_PoponMt,Blupee Burrow,卢咪的巢穴,-2288.0126953125,367.00579833984375,-788.074951171875,,367.01,-2288.01,0.0,19,"6,7"
古代地下展望台,MinusField_GobyLake,Ancient Observation Deck,古代地下展望台,2589.259521484375,3504.126220703125,-524.2823486328125,,3504.13,2589.26,0.0,19,"6,7"
古斯塔夫谷采矿场,MinusField_SaiMt,Gustaf Canyon Mine,古斯塔夫谷采矿场,-962.376220703125,-210.05062866210938,-487.97125244140625,,-210.05,-962.38,0.0,19,"6,7"
右脚工坊,ZonauSatelliteShrine_RightLeg,Right-Leg Depot,右脚工坊,1143.638427734375,2116.55224609375,-334.58038330078125,,2129.6,1141.09,13.3,19,"6,7"
右臂工坊,ZonauSatelliteShrine_RightArm,Right-Arm Depot,右臂工坊,569.0836181640625,2111.55322265625,-403.4024658203125,,2135.18,581.06,26.5,19,"6,7"
基纳比树海,MinusField_BiginaTrees,Ginner Grove,基纳比树海,3219.906005859375,2056.676513671875,-489.19805908203125,,2056.68,3219.91,0.0,19,"6,7"
塔巴尔树海,MinusField_TagonaTrees,Tabahl Grove,塔巴尔树海,2618.51513671875,-171.55560302734375,-525.6221923828125,,-171.56,2618.52,0.0,19,"6,7"
复苏的秘泉,MinusField_StartPoint,Secret Spring of Revival,复苏的秘泉,-1098.5548095703125,1898.0345458984375,-639.3071899414062,,1898.03,-1098.55,0.0,19,"6,7"
多尔米树海,MinusField_MiddleTrees,Midla Grove,多尔米树海,3114.306640625,2187.1416015625,-467.2846374511719,,2187.14,3114.31,0.0,19,"6,7"
奈兹坡树海,MinusField_NezuppoTrees,Pappetto Grove,奈兹坡树海,-343.456298828125,3539.60693359375,-469.1462707519531,,3539.61,-343.46,0.0,19,"6,7"
奥尔汀暗化石,MinusField_OrdinFossil,Eldin Dark Skeleton,奥尔汀暗化石,1518.0556640625,-3707.10400390625,-563.0348510742188,,-3707.1,1518.06,0.0,19,"6,7"
娜波露谷采矿场,MinusField_FenaMt,Nabooru Canyon Mine,娜波露谷采矿场,-1801.6199951171875,2088.69384765625,-497.2503662109375,,2088.69,-1801.62,0.0,19,"6,7"
密林竞技场,MinusField_ForestColosseum,Forest Coliseum,密林竞技场,-114.67874145507812,-2433.002685546875,-527.8065185546875,,-2433.0,-114.68,0.0,19,"6,7"
封印遗迹,MinusField_OpeningFieldEnd,Imprisoning Chamber,封印遗迹,-271.61395263671875,-1046.317626953125,-1221.08447265625,,-1046.32,-271.61,0.0,19,"6,7"
左脚工坊,ZonauSatelliteShrine_LeftLeg,Left-Leg Depot,左脚工坊,1016.3705444335938,2292.635498046875,-427.7760009765625,,2292.64,1016.37,0.0,19,"6,7"
左臂工坊,ZonauSatelliteShrine_LeftArm,Left-Arm Depot,左臂工坊,706.112548828125,2431.673828125,-418.5628967285156,,2431.67,706.11,0.0,19,"6,7"
巨人树海,MinusField_ShinikkyoForest,Giant's Grove,巨人树海,-1165.384521484375,151.71701049804688,-496.36102294921875,,151.72,-1165.38,0.0,19,"6,7"
布冰嘉树海,MinusField_BuibuiTrees,Bubinga Grove,布冰嘉树海,2019.717529296875,2102.298828125,-495.8175964355469,,2102.3,2019.72,0.0,19,"6,7"
希克里树海,MinusField_RiaroTrees,Hickaly Grove,希克里树海,1943.202392578125,2391.839111328125,-489.571533203125,,2391.84,1943.2,0.0,19,"6,7"
席美达谷采矿场,MinusField_HimeidaMt,Meda Canyon Mine,席美达谷采矿场,2511.9853515625,2483.174072265625,-397.226806640625,,2437.5,2522.95,47.0,19,"6,7"
库姆熔岩瀑布,MinusField_KumSpa,Sturnida Lavafalls,库姆熔岩瀑布,-4083.87255859375,-2714.681396484375,-457.62054443359375,,-2714.68,-4083.87,0.0,19,"6,7"
摩尔达巴谷采矿场,MinusField_MorudaMt,Daval Canyon Mine,摩尔达巴谷采矿场,-1390.6173095703125,3603.8623046875,-811.9656982421875,,3603.86,-1390.62,0.0,19,"6,7"
摩尔迦娜谷采矿场,MinusField_MorugaMt,Granajh Canyon Mine,摩尔迦娜谷采矿场,-1380.5009765625,3363.460693359375,-846.7726440429688,,3363.46,-1380.5,0.0,19,"6,7"
时之树海,MinusField_ZifForest,Grove of Time,时之树海,-383.36492919921875,1544.121337890625,-410.20391845703125,,1544.12,-383.36,0.0,19,"6,7"
格鲁德地下坟场,MinusField_DesertGrave,Gerudo Underground Cemetery,格鲁德地下坟场,-4098.5068359375,3737.15966796875,-424.05364990234375,,3737.16,-4098.51,0.0,19,"6,7"
格鲁德暗化石,MinusField_GerudoFossil,Gerudo Dark Skeleton,格鲁德暗化石,-4619.01318359375,3684.947265625,-424.41351318359375,,3684.95,-4619.01,0.0,19,"6,7"
沃尔纳特谷采矿场,MinusField_MizemakuMt,Walnot Canyon Mine,沃尔纳特谷采矿场,4222.830078125,1911.8333740234375,-698.381103515625,,1911.83,4222.83,0.0,19,"6,7"
沃尔纳谷采矿场,MinusField_RirimukuMt,Drena Canyon Mine,沃尔纳谷采矿场,-561.2939453125,-2583.9306640625,-738.1672973632812,,-2583.93,-561.29,0.0,19,"6,7"
泰尔美谷采矿场,MinusField_TerumeMt,Taran Canyon Mine,泰尔美谷采矿场,2500.491455078125,2672.872314453125,-627.5709228515625,,2672.87,2500.49,0.0,19,"6,7"
泽卡瓦米熔岩瀑布,MinusField_KingfisherSpa,Sherfin's Lavafalls,泽卡瓦米熔岩瀑布,-4342.763671875,-3465.2197265625,-815.1195678710938,,-3465.22,-4342.76,0.0,19,"6,7"
洛兹伍德谷采矿场,MinusField_JijigegeMt,Rozudo Canyon Mine,洛兹伍德谷采矿场,2367.638671875,2200.7255859375,-491.71685791015625,,2200.73,2367.64,0.0,19,"6,7"
洛美岛地下层,MinusField_LomeiIsland,Lomei Depths Labyrinth,洛美岛地下层,4661.56640625,-3564.735107421875,-295.4698486328125,,-3696.97,4654.77,132.4,19,"6,7"
海布拉暗化石,MinusField_HeburaFossil,Hebra Dark Skeleton,海布拉暗化石,-3850.52978515625,-3635.714599609375,-835.44580078125,,-3635.71,-3850.53,0.0,19,"6,7"
玛德罗纳谷采矿场,MinusField_RokomakuMt,Madorna Canyon Mine,玛德罗纳谷采矿场,3888.822509765625,1668.460205078125,-759.906982421875,,1668.46,3888.82,0.0,19,"6,7"
瘴气的动脉,MinusField_GanondorfEntrance,Gloom's Approach,瘴气的动脉,-243.45352172851562,-1007.823974609375,-747.8016967773438,,-1007.82,-243.45,0.0,19,"6,7"
瘴气的源流,MinusField_GanondorfEnd,Gloom's Origin,瘴气的源流,-249.21817016601562,-921.2724609375,-2371.884521484375,,-921.27,-249.22,0.0,19,"6,7"
神代遗迹,MinusField_OpeningField,Forgotten Foundation,神代遗迹,-344.2181701660156,-876.2724609375,-1181.884521484375,,-876.27,-344.22,0.0,19,"6,7"
精灵树海,MinusField_FairyForest,Grove of Spirits,精灵树海,-945.20361328125,1680.3839111328125,-564.2005615234375,,1680.38,-945.2,0.0,19,"6,7"
罗姆谷采矿场,MinusField_KutiffMt,Rhoam Canyon Mine,罗姆谷采矿场,-2687.19482421875,-785.1430053710938,-677.705810546875,,-785.14,-2687.19,0.0,19,"6,7"
艾奇斯帕树海,MinusField_ExpaTrees,Retsam Grove,艾奇斯帕树海,3832.084716796875,2027.6824951171875,-352.72247314453125,,2000.51,3831.87,27.2,19,"6,7"
艾波尼谷采矿场,MinusField_PongagaMt,Ebon Canyon Mine,艾波尼谷采矿场,3328.71533203125,2513.85546875,-671.6072998046875,,2513.86,3328.72,0.0,19,"6,7"
花柔莉亚谷采矿场,MinusField_GimpoMt,Floria Canyon Mine,花柔莉亚谷采矿场,1936.367431640625,2779.30029296875,-748.6090698242188,,2779.3,1936.37,0.0,19,"6,7"
苹果树海,MinusField_OngiForest,Applean Grove,苹果树海,553.4682006835938,-259.8236999511719,-504.8287658691406,,-259.82,553.47,0.0,19,"6,7"
觉醒谷采矿场,MinusField_KimarikaMt,Canyon of Awakening Mine,觉醒谷采矿场,2934.78955078125,1403.8621826171875,-733.8804931640625,,1403.86,2934.79,0.0,19,"6,7"
达拉伊特树海,MinusField_BarakkPlain,Dalite Grove,达拉伊特树海,-2119.93115234375,1088.783203125,-339.13433837890625,,1098.47,-2120.04,9.7,19,"6,7"
达斯齐达谷采矿场,MinusField_DasukidaMt,Dunsel Canyon Mine,达斯齐达谷采矿场,3152.52734375,3276.3486328125,-603.7606811523438,,3276.35,3152.53,0.0,19,"6,7"
阿盖特谷采矿场,MinusField_AagetoMt,Agaat Canyon Mine,阿盖特谷采矿场,-4785.71337890625,728.2949829101562,-1109.3072509765625,,728.29,-4785.71,0.0,19,"6,7"
雷兽谷采矿场,MinusField_MemeMt,Ploymus Canyon Mine,雷兽谷采矿场,3780.8564453125,-504.0714111328125,-930.7666015625,,-504.07,3780.86,0.0,19,"6,7"
露朵谷采矿场,MinusField_GibururuMt,Ruto Canyon Mine,露朵谷采矿场,3294.28759765625,31.5325927734375,-735.1995239257812,,31.53,3294.29,0.0,19,"6,7"
魔像制造房,ZonauCentralShrine,Construct Factory,魔像制造房,868.6845703125,2174.23193359375,-465.196044921875,,2174.23,868.68,0.0,19,"6,7"
齐洛利树海,MinusField_KiyanbaTrees,Minshi Grove,齐洛利树海,1042.2139892578125,-1544.450439453125,-527.154296875,,-1544.45,1042.21,0.0,19,"6,7"
中央海拉鲁空域,,,,,,,,-77.93,-247.98,,20,"3,4"
哈特尔空域,,,,,,,,1964.23,2642.65,,20,"3,4"
奥尔汀空域,,,,,,,,-2088.81,1978.95,,20,"3,4"
拉聂尔空域,,,,,,,,499.82,3174.93,,20,"3,4"
格鲁德空域,,,,,,,,2759.07,-3624.87,,20,"3,4"
海布拉空域,,,,,,,,-2442.14,-3357.82,,20,"3,4"
费罗尼空域,,,,,,,,2825.32,969.33,,20,"3,4"
阿卡莱空域,,,,,,,,-2575.98,3950.06,,20,"3,4"
左纳尼乌姆制炼之岛,,,,,,,,1869.35,2349.02,,20,"5,6,7"
星见之岛,,,,,,,,317.0,-3488.5,,20,"5,6,7"
测试刚勇之岛,,,,,,,,-1937.0,206.71,,20,"5,6,7"
测试勇气之岛,,,,,,,,-728.0,-2266.0,,20,5
测试大勇之岛,,,,,,,,919.46,4579.11,,20,"5,6,7"
初始空岛,,,,,,,,1259.85,394.48,,20,"6,7"
北塔邦挞天空诸岛,,,,,,,,-1333.86,-3600.5,,20,"6,7"
北洛美城堡上层,,,,,,,,-3370.0,-825.0,,20,"6,7"
南洛美城堡上层,,,,,,,,3605.5,-1795.0,,20,"6,7"
南海布拉天空诸岛,,,,,,,,-2019.06,-3136.99,,20,"6,7"
时之神殿,,,,,,,,800.35,453.46,,20,"6,7"
洛美岛上层,,,,,,,,-3789.03,4656.2,,20,"6,7"
祓暗之岛,,,,,,,,-1032.0,-3607.17,,20,"6,7"
西海布拉天空诸岛,,,,,,,,-2300.0,-3845.85,,20,"6,7"
觉醒室,,,,,,,,1200.9,349.68,,20,"6,7"
采石之岛,,,,,,,,-2129.33,4603.17,,20,"6,7"
