序,sort,key,任务名,层,接取NPC,NPC_id,NPC名来源,接取地点,地点英文,前置,攻略·开启,攻略·要点,攻略来源,奖励,奖励来源,游戏X,游戏Z,游戏高度,坐标状态,流程点数,交叉核对,ROM原文,待确认
1,111,FindWithSensors,哈特诺村的研究所,,洛贝利,Npc_AncientDoctor_Hateno,原有,监视堡垒,City_BaseCamp,,与洛贝利对话,在研究所装载神庙感应器后找到一座神庙,库内,神庙感应器,库内,-231,135,,★缺高度,1,"markers同名(-231,-135) 距 0",普尔亚平板似乎拥有 侦测指定对象的“感应功能”。 前往哈特诺村一角的“普尔亚平板研究所”， 洛贝利便会为其安装上侦测 □ / 在坡道下方的洞窟内 发现了“神庙感应器”侦测到的神庙。 去向洛贝利报告 感应器运作正常吧。,
2,112,HatenoPurchasePicture,自己专属的海拉鲁图鉴,地表,洛贝利,Npc_AncientDoctor_Hateno,原有,哈特诺古代研究所,HatenoLabo,,与洛贝利对话,可以自己拍摄也可直接购买,库内,解锁图鉴,库内,3779,-2125,251,OK,1,"markers同名(3779,2125) 距 0",普尔亚平板上搭载的海拉鲁图鉴 是能够自动记录使用照相机所拍摄的 “生物、怪物、材料、武器、宝物”的功能。 也可以向洛贝利 □,
3,113,GetWarpMarker,重大发明！传送标记器！,地表,洛贝利,Npc_AncientDoctor_Hateno,原有,哈特诺古代研究所,HatenoLabo,哈特诺村的研究所,与洛贝利对话,跟随指引完成装置测试,库内,传送标记器、足迹模式、图鉴感应器,库内,4507,3146,245,OK,3,markers无同名,普尔亚平板似乎有个叫作“传送标记器”的功能， 能够让使用者传送到标记的地方。 不过，升级所需要的 □ / 普尔亚平板似乎有个叫作“传送标记器”的功能， 能够让使用者传送到标记的地方。 顺利在阿卡莱古代研究所 找到了升级所需的试制的传送标记器。 回到哈特诺村，把它交给 位于普尔亚平板研究所的洛贝利吧。 / 能够使用2个让你传送到任意地方的 传送标记器了。 容量上似乎还可以再持有1个传送标记器， 只要,
4,114,GetWalker,重大发明！足迹模式！,地表,洛贝利,Npc_AncientDoctor_Hateno,原有,哈特诺古代研究所,HatenoLabo,哈特诺村的研究所,与洛贝利对话,跟随指引完成装置测试,库内,传送标记器、足迹模式、图鉴感应器,库内,3781,-2124,251,OK,1,markers无同名,普尔亚平板 似乎有个叫作“足迹模式”的功能， 能够确认自己的足迹。 不过，升级需要 □,
5,115,GetSensorPlus,重大发明！图鉴感应器！,地表,洛贝利,Npc_AncientDoctor_Hateno,原有,哈特诺古代研究所,HatenoLabo,哈特诺村的研究所,与洛贝利对话,跟随指引完成装置测试,库内,传送标记器、足迹模式、图鉴感应器,库内,3781,-2124,251,OK,1,markers无同名,普尔亚平板 似乎有个叫作“图鉴感应器”的功能， 能够精确地寻找指定的目标。 不过，升级需要 □,
6,201,IchikaraChallenge01,微达的独立,地表,帕伍达,Npc_UMiiVillage031,原有,一始村,UMiiVillage,,与帕伍达对话开启,一路跟着微达帮她解决难题,库内,卢比,库内,3939,1594,129,OK,4,"markers同名(3939,-1594) 距 0",松达建筑店的松达和帕伍达 在讨论关于微达离家的话题。 与态度积极的帕伍达正相反， 松达显得愁眉苦脸， 看来是有什么烦心事。 / 遵照格鲁德的规定， 松达的独生女微达 即将只身一人搬往格鲁德小镇。 所剩时间已经不多， 松达和帕伍达却都忙于工作， 哀叹无法陪微达 □ / 松达和帕伍达的女儿微达 为了搬家一事， 似乎正在学习格鲁德的语言。 她正要去 □ / 为了让母亲帕伍达不会感到寂寞， 微达似乎教授了,
7,211,Hateno_Cheese,托可优的重要信件,地表,托可优,Npc_HatenoVillage025,ROM原文,哈特诺村,Hateno,,与托可优对话开启,用原木搭桥将信吸出来,库内,哈特诺起司,库内,3635,-2051,176,OK,1,"markers同名(3635,2051) 距 0",住在哈特诺村牧场里的托可优 一不小心把 □ / 帮托可优捡回了 装有她曾祖父写的信的信息瓶。 托可优读完信，似乎想到了些什么。 她说有东西要送给你， 希望你去她 □,
8,212,Hateno_RevitalizeByNewSpeciality,用新名产振兴村子！,地表,科沙尤西,Npc_HatenoVillage,ROM原文,哈特诺村,Hateno,托可优的重要信件,在房子中与科沙尤西对话开启,需要先获取【托可优的重要信件】的任务奖励,库内,卢比,库内,3430,-2083,132,OK,1,markers无同名,科沙尤西正在考虑将祖父生前与村民们 共同制作的食物推为村子的新名产。 但他只记得那 □,
9,213,Hateno_SecretLifeOfKusayoshi,科沙尤西的秘密,地表,可莱维亚,Npc_HatenoVillage018,ROM原文,哈特诺村,Hateno,,与房子外的可莱维亚对话开启,通过【哈特诺村西边的井】中使用通天术进入房子,库内,海拉鲁番茄*10,库内,3423,-2093,133,OK,2,"markers同名(3423,2093) 距 0",科沙尤西每晚都会待在 □ / 库房中存有日记， 上面写着各种内容，诸如： 科沙尤西和纳茨宇基一起开发了新的蔬菜； 打算吸纳SAGONO要素加入其中； 蔬菜尚未达到产品化地步等等。 去向担忧的可莱维亚报告吧。,
10,214,Hateno_SecretLifeOfSagono,萨格诺的秘密,地表,索芙拉,Npc_HatenoVillage019,原有,哈特诺村,Hateno,你是萨格诺派？还是科莎尤西派？,与索芙拉对话开启,任务需在晚上进行,库内,铠甲蘑菇*10,库内,3344,-2147,120,OK,1,"markers同名(3344,2147) 距 0",萨格诺似乎 □ / 深夜尾随萨格诺之后， 目击到她在筒仓中吃蔬菜， 也听到了她对哈特诺村蔬菜的强烈热爱。 去向索芙拉报告吧。,
11,215,Hateno_VillageMayorElection,你是萨格诺派？还是科沙尤西派？,地表,索芙拉,Npc_HatenoVillage019_SisterA,原有,哈特诺村,Hateno,,在哈特诺村与索芙拉对话，随后进入店铺与萨格诺对话开启,帮萨格诺送出八份礼物,库内,大生命松露,库内,3362,-2141,121,OK,1,"markers同名(3362,2141) 距 0",萨格诺拜托你去给拘泥于古旧思想的科沙尤西派 吃蘑菇，让他们醒悟过来。 看衣服就能分辨出毫不时尚的科沙尤西派。 排除“旅行者”、“暂住在村里的希卡族”、 “村长候补的家人”、“孩子”， 不穿SAGONO的村民似乎共有 □ / 萨格诺拜托你去给拘泥于古旧思想的科沙尤西派 吃蘑菇，让他们醒悟过来。 看衣服就能分辨出毫不时尚的科沙尤西派。 排除“旅行者”、“暂住在村里的希卡族”、 “村长候补的家人”、“孩,
12,216,Hateno_LetUsElection,村长选举开始！,地表,,,—,哈特诺村,Hateno,萨格诺的秘密、科沙尤西的秘密,与索芙拉对话开启,过过场动画即可,库内,萨格诺帽子,库内,3356,-2145,120,OK,2,markers无同名,各位候选人似乎都做好了准备。 去找位于奔托·艾斯特 前面的索芙拉打听一下 哈特诺村的村长选举的情报吧。 / 各位候选人都做好了准备， 哈特诺村的村长选举即将拉开序幕。 挑一个 □,
13,221,TauraChallenge001,横暴之徒盘踞的村子,地表,悉伊达,Npc_SouthernVillage013,原有,沃托里村,Taura,,与洛泽尔对话开启,前往沃托利村消灭所有怪物（井下还有一只）,库内,无（完成后续任务后发放）,库内,2780,-3275,83,OK,1,"markers同名(2780,3275) 距 0",沃托里村被怪物占领了， 居民们好不容易才逃出来。 但 □,
14,222,Uotori_RevivePlan,沃托里村重建计划,地表,樱达,Npc_HatenoVillage032,原有,沃托里村,Taura,横暴之徒盘踞的村子,与樱达对话开启,跟随任务指引完成即可,库内,坚硬海鲜炒饭、50卢比、炸弹花*5、铠甲鲷鱼*3、酥麻水果*5、村子中住宿料理等免费提供,库内,2873,-3442,1,OK,1,markers无同名,怪物们离去之后，徒留众多遭到破坏的房屋。 为了让村民们重返沃托里村， 必须修复损毁的建筑物， 因此似乎需要海量的 □ / 收集到所需的材料，并交给了樱达！ 下一步终于要展开建筑物的修复工作了。 遵照 □,
15,301,NewsPaper_Mitsuba,调查真相！传言中的塞尔达公主！！,地表,三叶,Npc_oasis037,ROM原文,白诘报社,NewspaperCompany,,到白诘报社（利特村东边、跨断裂大桥前，由旧利特驿站改建）与主编三叶对话开启。,这是总任务：开启后开放各地驿站的 12 项子调查，与记者沛恩合作。 每完成一项得卢比，累计完成数决定奖励（见奖励列）。 ★ 本线是解放大妖精之泉的必要前置；忘了沛恩在哪座驿站，回报社问三叶即可。,攻略,分阶段：3→白诘报社布料 / 5→蛙之手甲 / 7→20卢比 / 8→20卢比 / 9→蛙之足袋 / 10→50卢比 / 11→100卢比 / 12→蛙之头巾,攻略（分段数待游戏内核对）,-3259,1763,120,OK,1,"markers同名(-3255,-1766) 距 5",据三叶主编所言， 报社收到的消息中有 关于疑似塞尔达公主之人的内容。 消息通常在驿站汇集， 为求探明真相， 和沛恩一起前往 □ / 与沛恩合作，前往各地的驿站调查过后， 所有关于疑似塞尔达公主之人的 传言背后的真相都已查明！ 返回白诘报社，向三叶报告吧。,
16,311,Tribune07,递出邀请的女性,地表,沛恩,Npc_Rito_Postman_0013,原有,平原外围的驿站,HyruleDepthHatago,调查真相！传言中的塞尔达公主,与沛恩对话开启,一路跟随萝莱尔的指引即可,库内,50卢比,库内,-1418,-1293,16,OK,5,"markers同名(-1418,1293) 距 0",一名金发男性在平原外围的驿站 邻近的三岔路附近被一名女性搭话。 那名女性恳求他帮忙拯救“ □ / 在平原外围的驿站邻近的三岔路附近， 一名女性恳求你去拯救“那位大人”。 性命受到威胁、无法透露身份的“那位大人” 似乎被困在某个地方，不能自由行动。 领路的女性表示自己会在 □ / 在平原外围的驿站邻近的三岔路附近， 一名女性恳求你去拯救“那位大人”。 性命受到威胁、无法透露身份的“那位大人” 似乎被,
17,312,Tribune04,未抵达的美食家,地表,沛恩,Npc_Rito_Postman_010,ROM原文,河畔驿站,RiverSideHatago,调查真相！传言中的塞尔达公主,与驿站外的沛恩对话开启,准备一份兽肉盖饭,库内,海拉鲁米、岩盐、顶级兽肉、卢比,库内,377,-1049,17,OK,1,"markers同名(377,1049) 距 0",一位常客到了约定时间却不见踪影， 这让负责做饭的戈艾塔弗不禁感到担忧。 据说这位常客答应， 要将 □,
18,313,Tribune06,乘在妖兽上的公主,地表,沛恩,Npc_Rito_Postman_002,ROM原文,新玛丽塔驿站,NewHyruleWestHatago,需要先完成“调查真相！传言中的塞尔达公主！！”,与新玛丽塔驿站外的沛恩交谈,路上会打雷，建议带上防雷头盔,库内,卢比,库内,-1351,734,86,OK,2,"markers同名(-1351,-734) 距 0",沛恩收到目击情报称， 塞尔达公主乘坐在一只妖兽的背上。 据说那只妖兽拥有锋利的牙齿， 身体像山一样巨大，可能是一种未知生物。 据说 □ / 沛恩收到目击情报称， 塞尔达公主乘坐在一只妖兽的背上。 从湖畔驿站的饲养员西米纳口中 得知了咚构的情况并告诉给了沛恩后， 他表示也想去亲眼看看。 回去再找一次 □,
19,321,Tribune09,塞尔达所爱的金色的马,地表,沛恩,Npc_Rito_Postman_003,原有,雪原驿站,TabantaHatago,调查真相！传言中的塞尔达公主,在驿站外与沛恩对话开启,金马位于北塔邦挞雪原（图示），安抚好后骑回雪原驿站即可,库内,王族缰绳、王族马鞍、精力药、50卢比、白诘报社的布料,库内,-1643,2585,235,OK,1,markers无同名,据雪原驿站的沛恩听取的情况， 塞尔达公主保护并寄养的金色的马 逃出了马厩， □,
20,323,Tribune03,受难的迷途白山羊,地表,沛恩,Npc_Rito_Postman_011,原有,塔邦挞大桥驿站,TabantaBridgeHatago,调查真相！传言中的塞尔达公主,与沛恩对话开启,一路跟着海拉鲁球果即可找到山羊,库内,卢比,库内,-2911,528,169,OK,1,markers无同名,听说塔邦挞大桥驿站饲养的白山羊们 全都逃跑了。 据沛恩所说，这起事件背后， 隐约与塞尔达公主有所牵连。 详细情况可以从负责照顾白山羊的 □ / 据恰克所说，白山羊们之所以会逃跑， 是因为他喂了用塞尔达公主教授的配方配制的饲料。 它们将混有整颗 □,
21,331,Tribune11,我亲爱的公主,地表,沛恩,Npc_Rito_Postman_013,ROM原文,山麓驿站,DeathMountainHatago,,与驿站外的沛恩交谈,类似孑然一身神庙挑战，任务中会强制下掉所有装备，通过捡地上的武器来打败怪物大军即可,库内,卢比,库内,2582,1154,162,OK,3,"markers同名(2582,-1154) 距 0",赖在山麓驿站不走，只穿了半长裤的男人们 是左纳乌调查队的人。他们似乎是 在塞尔达公主的指示下，才改为只穿半长裤的。 这种异常的景象让沛恩倍感可疑。 而一部分人前往调查山路上的 □ / 来到山麓的魔窟之后， 发现只穿了半长裤的左纳乌调查队正在入口处。 他们因无法打倒里面的怪物而倍感烦恼。 你和他们约好，自己也只穿一条半长裤， □ / 和在山麓的魔窟烦恼的左纳乌调查队约好了， 自己也只穿一条半长裤，去,
22,341,Tribune10,遵从咕咕鸡大人的指示,地表,沛恩,Npc_Rito_Postman_006,原有,南阿卡莱驿站,TamurulHatago_02,调查真相！传言中的塞尔达公主,与沛恩对话开启,限时任务，注意时间,库内,卢比,库内,3168,1715,219,OK,1,markers无同名,沛恩在南阿卡莱驿站附近进行调查， 却未能打探到有用情报，正不知该如何是好。 听闻驿站后面山坡的大树下 有一只 □ / 来到南阿卡莱驿站附近的山丘后， 发现传达神谕的咕咕鸡是真实存在的。 根据神谕，只要 □ / 遵照咕咕鸡传达的神谕， 接受并通过了第1个试练， 但要获得塞尔达公主的线索， 还需要接受 □ / 遵照咕咕鸡传达的神谕， 接受并通过了第1个试练， 但要获得塞尔达公主的线索， 还需要接受 □,
23,351,Tribune05,消失的农具,地表,沛恩,Npc_Rito_Postman_007,原有,湿地驿站,NorthHatelHatago,调查真相！传言中的塞尔达公主,与沛恩对话开启,用究极手造船,库内,卢比,库内,878,-158,11,OK,2,"markers同名(878,158) 距 0",塞尔达公主借走的农具 至今还未归还。 她究竟为什么要借走农具…… 又为什么不归还农具……沛恩对此抱有疑问。 木筏负责人伊琐 似乎知道详细情报。 / 塞尔达公主从驿站借走农具后， 似乎前往了河流下游的花之中州。 伊琐想前往河流下游，奈何途中到处都是遗迹， 只得叹息地表示，仅凭自己的能力无法做到。 他似乎正在寻找能用 □,
24,361,Tribune02,塞尔达公主绑架事件！？,地表,沛恩,Npc_Rito_Postman_001,ROM原文,双子驿站,FaronHatago000,调查真相！传言中的塞尔达公主,与驿站顶上的沛恩对话开启,到达双子山图示处,库内,卢比,库内,1756,-1925,39,OK,1,"markers同名(1756,1925) 距 0",依盖队似乎绑架了塞尔达公主。 线索只有他们留下的一段声明—— “塞尔达在我们手上。想救人， 就来屹立双子崖壁间的深邃峡谷。” 沛恩将着眼点放在了 “ □ / 依盖队留下了一段声明—— “塞尔达在我们手上。想救人， 就来屹立双子崖壁间的深邃峡谷。” 以此为线索，在目标地点 发现了被关在牢笼中的塞尔达公主。 但那其实是依盖队乔装而成的。,
25,371,Tribune13,诡异之声,地表,沛恩,Npc_Rito_Postman_014,ROM原文,高原驿站,FaronHatago002,调查真相！传言中的塞尔达公主,与沛恩互动开启,任务需在夜晚进行,库内,100卢比,库内,505,-3446,47,OK,3,"markers同名(505,3446) 距 0",“放下……武器……放下……武器……” 根据沛恩收集到的情报，夜夜都有这样的声音 从西北方的阿拉弗拉平原传到高原驿站。 据说那是塞尔达公主的声音…… 有必要确认一下那声音是否真的来自塞尔达公主。 □,
26,381,Tribune14,被封住的井,地表,沛恩,Npc_Rito_Postman_008,原有,格鲁德峡谷驿站,GerudoHatago,调查真相！传言中的塞尔达公主,与沛恩对话开启,打开井下的洞窟，消灭所有怪物即可,库内,70卢比,库内,-2819,-2237,29,OK,1,"markers同名(-2819,2237) 距 0",根据沛恩得到的情报， 在塞尔达公主的指示下， 驿站的井遭到了禁用。 并且，掩埋的原因不明。 沛恩想要调查井内， 但由于翅膀碍事，无法进入。 / 破坏井中的岩盘后， 发现了怪物盘踞的洞窟。 为避免危及驿站， 看来还是把怪物打倒比较好……,
27,401,Orchestra03,吹笛少年寻找之物,地表,菲依,Npc_Orchestra_BT_F_Road,ROM原文,高原驿站,FaronHatago002,,与驿站外树上吹笛的少年菲依对话开启,要在晚上抓10只静静萤火虫，建议换上依盖套并吃能提高安静性的食物,库内,大生命松露*1,库内,531,-3405,49,OK,3,"markers同名(531,3405) 距 0",菲伊想利用火让哈依特 看一看“发光树”，却以失败告终。 不过他干劲十足，准备下次用萤火虫的光 制作“发光树”给哈依特看。 为了制作“发光树”， 还需要 □ / 伴随着笛声，聚集的萤火虫发出光亮， 美丽的“发光树”浮现在黑暗的夜色之中。 哈依特深受感动，露出了发自内心的笑容。 菲伊发誓，今后也要为让哈依特露出笑容而努力， 准备回到乌玛纳利乐团，成为一名出色的横笛手。 去收下菲伊的谢礼吧。,
28,402,Orchestra02,传递！甜蜜节奏！！,地表,毕兹,Npc_Orchestra_M_P_Road,原有,西哈特尔,MapArea_WestHateru,吹笛少年寻找之物,与毕兹对话,准备蜂蜜,库内,卢比,库内,2157,-1383,108,OK,1,markers无同名,毕兹想制作蜂蜜可丽饼 送给对自己多加照顾的米洛央团长。 但料理所需的精力蜂的蜂蜜无从获得， 他正为此发愁。 他需要 □,
29,403,Orchestra04,圆号乐手的脱逃剧,地表,余福尔,Npc_Orchestra_M_H_Road,原有,塔邦挞边境,MapArea_TabantaFrontier,献给弥佳的小夜曲,先通过【献给弥佳的小夜曲】找到余福尔，对话开启,利用热气球将其带出,库内,精力蜂的蜂蜜*3,库内,-3666,757,120,OK,2,"markers同名(-3666,-757) 距 0",在塔邦挞边境处的大洞中， 遇到了受困的圆号手余福尔。 他连人带搬运车一同掉进洞里，无法脱身。 有没有什么办法能按照他的意愿， 从洞中 □ / 成功将余福尔连同搬运车一起， 从塔邦挞边境处的大洞中救出来了。 为了感谢你的帮助， 他打算送你3份精力蜂的蜂蜜。 □,
30,404,Tribune16,献给大妖精的小夜曲,地表,碧欧兰,Npc_Rito_Postman_012,ROM原文,森林驿站,ForestHatago,调查真相！传言中的塞尔达公主,与驿站外的碧欧兰对话开启,可运用马车将碧欧兰两人带到大妖精处,库内,50卢比、解锁装备强化,库内,1051,1148,22,OK,2,"markers同名(1051,-1148) 距 0",赐予旅行者祝福的大妖精 突然把自己紧闭在花蕾中。 沛恩推测，乐团成员们看见的 那名金发女性或许是塞尔达公主。 看来只好将 □,
31,405,Fairy4,献给西莎的小夜曲,,米洛央,Npc_Orchestra_M_00_FairySiza,ROM原文,平原外围的驿站,HyruleDepthHatago,调查真相！传言中的塞尔达公主,与驿站外的米洛央对话开启,用究极手制作一辆越野车抵达,库内,100卢比、解锁装备强化,库内,-1406,-1261,,★缺高度,3,"markers同名(-1406,1261) 距 0",住在平原外围的驿站附近的大妖精西莎 似乎正躲在花蕾中紧闭不出。 这位大妖精大人特别喜欢笛声， 如果她能听到乐团的演奏，或许就会现身了。 但负责吹笛的菲伊目前不在乐团。 据说有人在 □ / 住在平原外围的驿站附近的大妖精西莎 似乎在花蕾中紧闭不出。 这位大妖精大人特别喜欢笛声， 如果她能听到乐团的演奏，或许就会现身了。 前往大妖精大人处的道路被瓦砾阻挡， □,
32,406,Fairy3,献给可秋拉的小夜曲,,米洛央,Npc_Orchestra_M_00_FairyCotera,ROM原文,双子驿站,FaronHatago000,调查真相！传言中的塞尔达公主,与驿站外的米洛央对话开启,用究极手做船前往,库内,100卢比、解锁装备强化,库内,1756,-1959,,★缺高度,4,"markers同名(1756,1959) 距 0",大妖精可秋拉躲在了花蕾中。 可秋拉似乎喜欢太鼓的音色， 但太鼓乐手毕兹目前不在乐团中。 据从卡卡利科村而来的旅行者所言， 他在穿过波努鲁山地的道路附近时， 听到了 □ / 找到了太鼓乐手毕兹。 他想制作料理， 来让消沉的米洛央打起精神。 获得材料之后， 毕兹返回了乌玛纳利乐团。 去找身在 □,
33,407,Fairy2,献给弥佳的小夜曲,,弥佳,Npc_Orchestra_M_00_FairyMisure,原有,雪原驿站,TabantaHatago,调查真相！传言中的塞尔达公主、圆号乐手的脱逃剧,与驿站外的米洛央对话开启,需先前往吉希山丘完成任务【圆号乐手的脱逃剧】、随后使用马车抵达大妖精处,库内,100卢比、解锁装备强化,库内,-1634,2590,,★缺高度,3,"markers同名(-1634,-2590) 距 0",住在雪原驿站附近山脚处的大妖精弥佳 在花蕾中紧闭不出。 弥佳似乎很喜欢圆号的音色， 但乐手余福尔现在下落不明。 据南边来的旅行者说，在塔邦挞大桥对面 沿着道路往前一点的地方，听到过 □ / 住在雪原驿站附近山脚处的大妖精弥佳 在花蕾中紧闭不出。 乐团团长米洛央认为 为她演奏圆号就能让她现身， 但是由于 □,
34,451,MercenaryChallenge_HyrulePlain,为海拉鲁平原带来和平！,地表,霍司塔,Npc_TamourHatago004,原有,海拉鲁平原,MapRegion_HyrulePrairie,为阿卡莱带来和平,与霍司塔对话,将前方的怪物营地清除,库内,卢比,库内,-396,-457,27,OK,1,markers无同名,霍司塔率领的讨伐队正在进攻 盘踞于海拉鲁平原的怪物据点。 讨伐队打算等接近据点后，看准时机发起突袭。 和讨伐队一起 □ / 霍司塔率领的讨伐队 正为了击败海拉鲁平原的怪物而战斗。 和讨伐队一起战斗， □,
35,452,MercenaryChallenge_Hebra,为哈特尔带来和平！,地表,霍司塔,Npc_TamourHatago004,原有,海拉鲁平原,MapRegion_HyrulePrairie,为海拉鲁平原带来和平,与霍司塔对话,将所有怪物清除,库内,卢比,库内,2227,-1810,14,OK,1,markers无同名,霍司塔率领的讨伐队为了讨伐怪物， 接下来准备前往位于海拉鲁东南方 哈特尔地区的 □ / 霍司塔率领的讨伐队正在进攻 盘踞于哈特诺堡垒的怪物据点。 讨伐队打算等接近据点后，一鼓作气发动攻击。 和讨伐队一起 □,
36,453,MercenaryChallenge_Eldin,为奥尔汀带来和平！,,陀鲁,Npc_TabantaBridgeHatago005,原有,奥尔汀峡谷,MapArea_EldinCanyon,,标点位置与玛埃斯特对话了解情况，随后上山找到陀鲁对话开启,跟随士兵进入【达鲁马湖的魔窟】，消灭所有怪物即可,库内,100卢比,库内,1761,2937,,★缺高度,1,markers无同名,陀鲁率领的讨伐队正在进攻 盘踞于奥尔汀地区的怪物据点。 讨伐队打算等接近据点后，一鼓作气发动攻击。 和讨伐队一起 □ / 陀鲁率领的讨伐队 似乎正为了击败奥尔汀地区的怪物而战斗。 和讨伐队一起战斗， □,
37,454,MercenaryChallenge_Akkare,为阿卡莱带来和平！,地表,陀鲁,Npc_TabantaBridgeHatago005,原有,奥尔汀峡谷,MapArea_EldinCanyon,为奥尔汀带来和平,跟随任务指引与陀鲁对话,跟随士兵前往【阿卡莱大桥】，消灭全部怪物即可,库内,100卢比,库内,3007,1071,282,OK,1,markers无同名,陀鲁率领的讨伐队为了讨伐怪物， 接下来准备前往位于海拉鲁东北方 阿卡莱地区的 □ / 陀鲁率领的讨伐队正在进攻 盘踞于阿卡莱大桥的怪物据点。 讨伐队打算接近据点后一口气发动攻击， 和讨伐队一起 □,
38,455,MercenaryChallenge_Firone,为费罗尼带来和平！,地表,阿迈尼,NPC_oasis004_fr02,原有,费罗尼草原,MapArea_FironeGrassland,,与阿迈尼对话,使用究极手修好桥，随后消灭所有怪物,库内,卢比,库内,-10,-3419,8,OK,1,markers无同名,阿迈尼率领的讨伐队 正对怪物束手无策。 通往怪物船唯一的桥梁崩塌了， 如果 □ / 修好连接船只的桥后， 讨伐队向怪物发起了攻击。 和讨伐队一起战斗， □,
39,456,MercenaryChallenge_Hateru,为海布拉带来和平！,地表,阿迈尼,NPC_oasis004_fr02,原有,费罗尼草原,MapArea_FironeGrassland,为费罗尼带来和平,与阿迈尼对话,消灭所有怪物,库内,卢比、讨伐队的布料,库内,-1796,2301,238,OK,1,markers无同名,阿迈尼率领的讨伐队为了进一步讨伐怪物， 接下来准备前往海拉鲁西北方 海布拉地区辽阔的 □ / 阿迈尼率领的讨伐队 正在怪物的要塞前束手无策。 看来是要塞入口的铁球 阻挡了讨伐队的脚步。 如果不 □,
40,491,OldKorokHelp,伯库林的烦恼,地表,伯库林,Npc_OldKorok,原有,,,,与伯库林对话,将前方的树妖消灭,库内,解锁扩充背包,库内,-1694,1075,198,OK,4,"markers同名(-1694,-1075) 距 0",在拉布拉山山脚遇到了克洛格族的伯库林。 伯库林似乎在畏惧着什么， 在原地进退两难。 他指的方向 □ / 伯库林似乎把装在沙锤中的 克洛格的果实弄丢了。 好像是森林的孩子们拿走的…… 收集 □,
41,511,NushiShop_Tutorial,寻找！魔犹伊的遗失物,地表,吉尔顿,Npc_NushiShop,原有,奥尔汀峡谷,MapArea_EldinCanyon,,在洞窟前与吉尔顿对话开启,只要有魔犹伊的遗失物就可以直接和柯尔天对话完成任务,库内,波克布林面罩,库内,1217,1201,22,OK,1,"markers同名(1215,-1208) 距 8",柯尔天想变成传说中的生物——萨托利。 为了实现梦想，他在寻求 □,
42,512,NushiShop_Challenge00,柯尔天的下落,地表,吉尔顿,Npc_NushiShop,原有,奥尔汀峡谷,MapArea_EldinCanyon,寻找！魔犹伊的遗失物,无,在一始村与吉尔顿对话了解科尔天的位置，去那个方向找到一个热气球，上前对话,库内,无（开启魔犹伊的遗失物兑换商店）,库内,3968,1640,128,OK,1,markers无同名,为了收集魔犹伊的遗失物， 柯尔天拉着售货摊踏上了旅途。 试着在海拉鲁各地 □ / 为了收集魔犹伊的遗失物， 柯尔天拉着售货摊踏上了旅途。 试着在海拉鲁各地寻找柯尔天吧。 其兄长吉尔顿表示， 曾在 □,
43,521,MonsterFigures01,只属于我的怪物收藏品,地表,吉尔顿,Npc_MamonoShop,ROM原文,一始村,UMiiVillage,,与吉尔顿对话开启,按要求去拍摄各类怪物,库内,怪物精华、潜行怪物汤、怪物缰绳、怪物马鞍、钻石,库内,3961,1640,128,OK,1,markers无同名,吉尔顿希望松达能帮忙 制作一个波克布林人偶。 但是波克布林的样貌似乎很难描述， 导致松达完全没有理解。 如果有一幅波克布林的 □ / 把波克布林人偶装饰在了舞台上。 吉尔顿叫来村民们， 并向大家展示了波克布林人偶。 他打算为你送上谢礼， 整理好行李之后去找他吧。,
44,522,MonsterFigures02,只属于我的怪物收藏品2,地表,吉尔顿,Npc_MamonoShop,ROM原文,一始村,UMiiVillage,,与一始村的吉尔顿对话开启（需先完成：森林驿站湖畔相遇 + 一始村「微达的独立」）。,① 去洞窟拍下霍拉布林的照片（初始台地北边的山洞 / 堡垒遗迹的洞窟）； ② 回一始村把照片给松达，做出霍拉布林人偶； ③ 用究极手把人偶搬到旁边的展示台； ④ 召集村民参观 → 完成，可接下一条。 ★ 怪物颜色无所谓，只要能登录图鉴即可。,攻略,潜行怪物汤,攻略（待游戏内核对）,3961,1640,128,OK,1,markers无同名,吉尔顿希望松达能帮忙 制作一个霍拉布林人偶。 但是霍拉布林的样貌似乎很难描述， 导致松达完全没有理解。 如果有一幅霍拉布林的 □ / 吉尔顿叫来村民们， 并向大家展示了霍拉布林人偶。 他打算为你送上谢礼， 整理好行李之后去找他吧。,
45,523,MonsterFigures03,只属于我的怪物收藏品3,地表,吉尔顿,Npc_MamonoShop,ROM原文,一始村,UMiiVillage,,与一始村的吉尔顿对话开启。,① 去中央广场东侧城墙边（或中央海拉鲁樱花树附近）拍下岩家巨人； ② 回一始村给松达看照片，做出人偶；③ 用究极手搬到展示台；④ 召集村民参观。,攻略,怪物缰绳,攻略+游民星空互证,3961,1640,128,OK,1,markers无同名,在松达表示愿意制作 更多怪物人偶后， 吉尔顿便想拥有一个 □ / 把岩家巨人人偶装饰在了舞台上。 吉尔顿叫来村民们， 并向大家展示了岩家巨人人偶。 他打算为你送上谢礼， 整理好行李之后去找他吧。,
46,524,MonsterFigures04,只属于我的怪物收藏品4,地表,吉尔顿,Npc_MamonoShop,ROM原文,一始村,UMiiVillage,,与一始村的吉尔顿对话开启。,① 下到地底（中央大废矿东侧 / 东阿卡莱平原深穴）拍下巨霸迦马； ② 回一始村给松达看照片；③ 用究极手搬到展示台；④ 召集村民参观。,攻略,怪物马鞍,攻略+游民星空互证,3961,1640,128,OK,1,markers无同名,在松达表示愿意制作 更多怪物人偶后， 吉尔顿便想拥有一个 □ / 把巨霸迦马人偶装饰在了舞台上。 吉尔顿叫来村民们， 并向大家展示了巨霸迦马人偶。 他打算为你送上谢礼， 整理好行李之后去找他吧。,
47,525,MonsterFigures05,只属于我的怪物收藏品5,地表,吉尔顿,Npc_MamonoShop,ROM原文,一始村,UMiiVillage,,与一始村的吉尔顿对话开启。,① 前往地图最东南角的空岛（需搭飞行装置）拍下古栗欧克王； ② 回一始村给松达看照片；③ 用究极手搬到展示台；④ 召集村民参观。 ★ 三头龙王全游戏仅 4 只（天上 3 只 + 地下 1 只）。,攻略,钻石,攻略,3961,1640,128,OK,1,markers无同名,在松达表示愿意制作 更多怪物人偶后， 吉尔顿便想拥有一个 □ / 把古栗欧克王人偶装饰在了舞台上。 吉尔顿叫来村民们， 并向大家展示了古栗欧克王人偶。 他打算为你送上谢礼， 整理好行李之后去找他吧。,
48,601,BlindRuinsTreasure,调查德依布朗遗迹吧,地表,卡兹纳比,Npc_Road_023,原有,德依布朗遗迹（迷途之森林）,BlindForest,需要解锁四个贤者、不然不出现石碑,与卡兹纳比对话开启,调查四座石碑开启后续任务,库内,大的左纳乌能源、大容量电池、钻石,ZeldaWiki+Dungeon+Game8 三源一致,372,3107,174,OK,3,"markers同名(372,-3107) 距 0",据说左纳乌调查员卡兹纳比 在德依布朗遗迹发现了一块石板。 确认一下 □ / 左纳乌调查员卡兹纳比发现的石板上 记载着神秘的密文。 在德依布朗遗迹中探索 密文所指的位置吧。 / 找到隐藏在德依布朗遗迹的 4个石室后， 从某处传来了巨大的声响。 遗迹内部究竟发生了什么呢？,
49,602,BlindRuinsTreasure_Rito,被众龙所守望的枭,地表,卡兹纳比,Npc_Road_023,原有,德依布朗遗迹（迷途之森林）,BlindForest,调查德伊布朗遗迹吧,无,在图示位置吹风,库内,蓝宝石*3,库内,362,3104,174,OK,1,"markers同名(362,-3104) 距 0",左纳乌调查员卡兹纳比发现的石板上 刻着一段文字…… □,
50,603,BlindRuinsTreasure_Goron,两龙之间的夹缝,地表,卡兹纳比,Npc_Road_023,原有,德依布朗遗迹（迷途之森林）,BlindForest,调查德伊布朗遗迹吧,无,点燃图示位置,库内,红宝石*3,库内,363,3096,174,OK,1,"markers同名(363,-3096) 距 0",左纳乌调查员卡兹纳比发现的石板上 刻着一段文字…… □,
51,604,BlindRuinsTreasure_Zora,六龙御前,地表,卡兹纳比,Npc_Road_023,原有,德依布朗遗迹（迷途之森林）,BlindForest,调查德伊布朗遗迹吧,无,星标所在位置斩击（水技能）,库内,蛋白石*5,库内,186,3186,174,OK,1,"markers同名(186,-3186) 距 0",左纳乌调查员卡兹纳比发现的石板上 刻着一段文字…… □,
52,605,BlindRuinsTreasure_Gerudo,身体纤长的守护龙,地表,卡兹纳比,Npc_Road_023,原有,德依布朗遗迹（迷途之森林）,BlindForest,调查德依布朗遗迹吧,无,使用电击击打图示标记石块,库内,黄玉*3,库内,353,3089,174,OK,1,"markers同名(353,-3089) 距 0",左纳乌调查员卡兹纳比发现的石板上 刻着一段文字…… □,
53,701,FirstskyislandReturns,初始空岛的渊源,天空,管家魔像,Npc_Zonau_Golem_Servant_FirstIsland_20,ROM原文,初始空岛,BeginningIsland,,与管家魔像对话开启,在时限内点燃3处篝火，建议使用弓箭引燃，可以穿卓拉铠甲攀瀑保持不落地,库内,左纳乌的布料,库内,453,-808,1540,OK,4,"markers同名(453,808) 距 0",向光柱的位置前进，最终来到时之神殿的屋顶， 在这里遇见了一个管家魔像。 魔像为了鉴定来访之人是否拥有合适的资格， 会举行一场仪式。 做好了准备，就去 □ / 在魔像的试练中失败了。 再去向魔像搭话，准备再次挑战吧。 / 魔像所说的试练开始了。 在19点的钟声响起之前， □,
54,751,ZonauReliefSearch,来自古代的信息,,里德乌,Npc_AncientAssistant005,原有,监视堡垒,City_BaseCamp,,与里德乌对话,尽量准备备用能源、电池套和升级电池 在天空与地面地图中寻找雪花片一样的小岛，上面有石碑，拍照,库内,卢比、左纳乌调查队的布料,库内,-271,71,,★缺高度,1,"markers同名(-271,-71) 距 0",刻有旧海拉鲁文字的珍贵石碑从天而降， 掉落在监视堡垒。 旧海拉鲁文字研究学者——里德乌表示， 要对照卡卡利科村的研究所中保存着的 旧文字资料，来对石碑进行解读。 随即便出发去东南方的村子了。 / 得知了一共存在着13座 记录神话时代内容的石碑。 若能解读所有的石碑，就能了解当时那些 历史文献上不曾提及的王族生活。 拍下石碑的 □,
55,790,StatueDevilTutorial,与恶魔的契约,地表,恶魔像,TwnObj_DemonStatue_A_01,ROM原文,中央海拉鲁的洞窟,Cave_CentralHyrule_0018,寻找声音的主人,进行【寻找声音的主人】任务即可,无,库内,可使用生命上限或精力上限换取卢比,库内,-256,102,5,OK,1,"markers同名(-256,-102) 距 0",心之容器被王族的密道里 遇到的恶魔像夺走了。 恶魔像说那是一场交易， □,
56,791,LookingForTheVoiceLord,寻找声音的主人,地表,洁琳,Npc_AncientAssistant004,原有,监视堡垒,City_BaseCamp,,与洁琳对话开启,跟着声音方向前进即可,库内,卢比,库内,-258,102,8,OK,1,"markers同名(-258,-102) 距 0",开在墙壁上的洞里时常会传出 □ / 开在墙壁上的洞连接着 像是通道一样的空间。 跟随着声音挖掘岩石前进， 发现了一尊 □,
57,792,Connect_FirstIsland,来自地底的呼唤,地表,神秘之声,UnknownNPC_MysteryVoice,ROM原文,时之神殿,TimesShrine,,将此处的石堆摧毁，随后到时之神殿与女神像对话,将遗失的四个眼睛找回,库内,心之容器或精力容器,库内,-578,-1522,61,OK,2,"markers同名(-578,1522) 距 0",受在初始台地城门处发现的石像指引， 你踏入了时之神殿遗迹。 接着，一个声音为你指明了4处深穴的位置， 要求你把散落在深穴周围的眼睛投入其中， 并运到声音主人所在的时之神殿遗迹正下方。 这声音的主人到底是谁呢…… / 一个声音要求你把散落在4处深穴 周围的眼睛投入其中， 并运到声音主人所在的时之神殿遗迹正下方。 先把1只眼睛投入了深穴。 / 一个声音要求你把散落在4处深穴 周围的眼睛投入其中， 并运,
58,801,AssassinGerudoBase,潜入依盖队,,瓦图卢,Npc_HatenoGate002,原有,依盖队干部执勤室,Assassin,依盖队的考试,在格鲁德高地中的【依盖队基地】与瓦图卢对话开启,进入基地就算完成,库内,可使用基地内训练场等、完成挑战获取奖励,库内,-2438,-1814,,★缺高度,1,"markers同名(-2438,1814) 距 0",“依盖队基地”似乎必须是依盖队的成员 才能够进入，如果想要入队， 必须巡回 □ / 顺利巡回了3个支部， 并且集齐了 □,
59,802,GerudoCanyon_Adventure,依盖队的干部考试,地表,依盖队干部,Npc_Assassin_Middle_004,ROM原文,格鲁德沙漠的洞窟,Cave_GerudoDesert_0050,,与依盖队 干部对话开启,需提前装备依盖套装,库内,红宝石*1、戒心长刀*1,库内,-2436,-1812,146,OK,3,markers无同名,参加了依盖队的干部考试。 格鲁德峡谷里共有5处 与依盖队有关的青蛙雕像， 似乎只要向所有青蛙雕像献上大剑香蕉即可。 目前还剩 JCountDown_Frog_GerudoCanyon_Adventure￿处。 / 向格鲁德峡谷里的5处青蛙雕像 都献上了大剑香蕉， 满足了合格条件。 返回依盖队干部值勤室吧。,
60,803,MinusYiga,依盖队队长——可盖大人的阴谋！,,可盖大人,KohgaNoTitle,ROM原文,地底·中央大废矿,MinusField_BluePrintShrine,,与管家魔像对话，随后展示究极手,一路追击可盖大人,库内,左纳乌能源特大结晶、设计图、钻石,库内,-842,-1963,,★缺高度,3,markers无同名,在地底中央大废矿遭遇了依盖队队长—— □ / 在地底中央大废矿遭遇了依盖队队长—— □ / 在格鲁德废矿再次击退了可盖大人， 并得知了可盖大人真正的目的—— 将复活的兵器献给“ □,
