类别,中文名,entry,actors,点数
植物,速速紫罗兰,Item_PlantGet_O,Item_PlantGet_O+Item_Plant_O,1031
植物,海拉鲁草,Item_PlantGet_A,Item_Plant_A,723
植物,向阳草,Item_PlantGet_R,Item_PlantGet_R+Item_Plant_R,338
植物,精力草,Item_PlantGet_S,Item_Plant_S,314
植物,冰冷香草,Item_PlantGet_E,Item_Plant_E,310
植物,潜行草,Item_PlantGet_I,Item_Plant_I,242
植物,铠甲草,Item_PlantGet_H,Item_Plant_H,234
植物,大剑草,Item_PlantGet_G,Item_Plant_G,137
植物,暖暖香草,Item_PlantGet_F,Item_Plant_F,120
植物,宁静公主,Item_PlantGet_J,Item_PlantGet_J+Item_Plant_J,119
植物,酥麻香草,Item_PlantGet_L,Item_PlantGet_L+Item_Plant_L,85
植物,速速胡萝卜,Item_PlantGet_M,Item_PlantGet_M+Item_Plant_M,27
植物,毅力胡萝卜,Item_PlantGet_Q,Item_Plant_Q,23
植物,生命小萝卜,Item_PlantGet_B,Item_Plant_B,19
植物,克洛格的叶子,Item_PlantGet_U,Item_PlantGet_U,17
植物,生命大萝卜,Item_PlantGet_C,Item_Plant_C,8
蘑菇,速速蘑菇,Item_MushroomGet_D,Item_MushroomGet_D+Item_Mushroom_D,1151
蘑菇,海拉鲁蘑菇,Item_MushroomGet_E,Item_Mushroom_E,694
蘑菇,潜行蘑菇,Item_MushroomGet_J,Item_Mushroom_J,669
蘑菇,精力蘑菇,Item_MushroomGet_A,Item_Mushroom_A,538
蘑菇,冰冷蘑菇,Item_MushroomGet_B,Item_Mushroom_B,421
蘑菇,暖暖蘑菇,Item_MushroomGet_C,Item_Mushroom_C,380
蘑菇,天空蘑菇,Item_MushroomGet_P,Item_Mushroom_P,371
蘑菇,铠甲蘑菇,Item_MushroomGet_M,Item_Mushroom_M,278
蘑菇,大剑蘑菇,Item_MushroomGet_L,Item_Mushroom_L,235
蘑菇,酥麻蘑菇,Item_MushroomGet_H,Item_Mushroom_H,119
蘑菇,毅力蘑菇,Item_MushroomGet_O,Item_Mushroom_O,15
蘑菇,光亮蘑菇,Item_MushroomGet_K,Item_MushroomGet_K+Item_Mushroom_K,13
蘑菇,生命松露,Item_MushroomGet_F,Item_Mushroom_F,5
水果,炸弹花,BombFruit,BombFruit,6444
水果,混乱花,ConfusionFruit,ConfusionFruit_Static,6206
水果,苹果,Item_Fruit_A,Item_Fruit_A,1292
水果,暖暖草果,Item_Fruit_I,Item_Fruit_I,957
水果,火焰果,FireFruit,FireFruit,910
水果,草莓,Item_Fruit_B,Item_Fruit_B,776
水果,电流果,ElectricalFruit,ElectricalFruit,711
水果,水之果,WaterFruit,WaterFruit,704
水果,闪耀果,LightFruit,LightFruit,703
水果,冷气果,IceFruit,IceFruit,499
水果,酥麻水果,Item_Fruit_C,Item_Fruit_C,488
水果,椰子,Item_Fruit_G,Item_Fruit_G,415
水果,冰冷蜜瓜,Item_Fruit_F,Item_Fruit_F,414
水果,海拉鲁番茄,Item_Fruit_M,Item_Fruit_M,376
水果,大剑香蕉,Item_Fruit_H,Item_Fruit_H,267
水果,速速莲蓬,Item_Fruit_E,Item_Fruit_E,151
水果,金苹果,Item_Fruit_P,Item_Fruit_P,97
水果,橡子,Item_Fruit_K,Item_Fruit_K,74
水果,小鸟的树果,Item_Fruit_L,Item_Fruit_L,67
水果,铠甲南瓜,Item_Fruit_J,Item_Fruit_J,7
水果,向阳南瓜,Item_Fruit_N,Item_Fruit_N,2
昆虫,暗萤火虫,Animal_Insect_AI,Animal_Insect_AI,388
昆虫,静静萤火虫,Animal_Insect_E,Animal_Insect_E+Animal_Insect_EP,385
昆虫,速速青蛙,Animal_Insect_A,Animal_Insect_A,166
昆虫,精力蚱蜢,Animal_Insect_H,Animal_Insect_H,150
昆虫,速速蜥蜴,Animal_Insect_S,Animal_Insect_S,119
昆虫,耐火蜥蜴,Animal_Insect_X,Animal_Insect_X,79
昆虫,妖精,Animal_Insect_F,Animal_Insect_F,69
昆虫,暖暖蜻蜓,Animal_Insect_T,Animal_Insect_T,62
昆虫,冰冷凤蝶,Animal_Insect_N,Animal_Insect_N,60
昆虫,冰冷蜻蜓,Animal_Insect_C,Animal_Insect_C,58
昆虫,昆虫群（随机）,Animal_Insect_Z,Animal_Insect_Z,52
昆虫,暖暖凤蝶,Animal_Insect_Q,Animal_Insect_Q,34
昆虫,大剑独角仙,Animal_Insect_G,Animal_Insect_G,31
昆虫,酥麻凤蝶,Animal_Insect_R,Animal_Insect_R,29
昆虫,贴贴青蛙,Animal_Insect_AG,Animal_Insect_AG,24
昆虫,昆虫群（随机）,Animal_Insect_K,Animal_Insect_K,24
昆虫,精力独角仙,Animal_Insect_AA,Animal_Insect_AA,20
昆虫,酥麻蜻蜓,Animal_Insect_I,Animal_Insect_I,19
昆虫,铠甲独角仙,Animal_Insect_P,Animal_Insect_P,18
昆虫,耐火凤蝶,Animal_Insect_AB,Animal_Insect_AB,16
昆虫,昆虫群（随机）,Animal_Insect_O,Animal_Insect_O,16
昆虫,毅力青蛙,Animal_Insect_B,Animal_Insect_B,8
昆虫,贴贴蜥蜴,Animal_Insect_AH,Animal_Insect_AH,6
昆虫,生命蜥蜴,Animal_Insect_M,Animal_Insect_M,1
鱼,海拉鲁鲈鱼,Item_FishGet_A,Animal_Fish_A+Item_FishGet_A,395
鱼,大剑鲷鱼,Item_FishGet_F,Animal_Fish_F+Item_FishGet_F,135
鱼,铠甲鲷鱼,Item_FishGet_G,Animal_Fish_G+Item_FishGet_G,135
鱼,远昔骨舌鱼,Item_FishGet_AA,Animal_Fish_AA,118
鱼,精力鲈鱼,Item_FishGet_L,Animal_Fish_L,79
鱼,大剑鲤鱼,Item_FishGet_E,Animal_Fish_E+Item_FishGet_E,50
鱼,铠甲鲤鱼,Item_FishGet_H,Animal_Fish_H+Item_FishGet_H,38
鱼,潜行田螺,Item_FishGet_M,Animal_Fish_M,33
鱼,冰冷鳟鱼,Item_FishGet_C,Animal_Fish_C,21
鱼,生命鲈鱼,Item_FishGet_B,Animal_Fish_B,13
鱼,暖暖鳟鱼,Item_FishGet_J,Animal_Fish_J,12
鱼,生命鲑鱼,Item_FishGet_I,Animal_Fish_I+Item_FishGet_I,11
鱼,光亮霍拉鱼,Item_FishGet_AC,Animal_Fish_AC,9
鱼,三色鲤鱼,Item_FishGet_Z,Animal_Fish_Z,6
鱼,酥麻鳟鱼,Item_FishGet_D,Animal_Fish_D,5
鱼,潜行鳟鱼,Item_FishGet_X,Animal_Fish_X,5
矿岩,左纳尼乌姆矿床,Obj_Mineral_D_01,Obj_Mineral_D_01,5437
矿岩,散落的左纳尼乌姆,Obj_MineralGrain_A_03,Obj_MineralGrain_A_03,4644
矿岩,矿床,Obj_Mineral_A_01,Obj_Mineral_A_01,229
矿岩,埋藏的矿床,Obj_MineralBury_A_01,Obj_MineralBury_A_01,164
矿岩,散落的蛋白石,Obj_MineralGrain_A_04,Obj_MineralGrain_A_04,131
矿岩,左纳尼乌姆,Item_Ore_L,Item_Ore_L,107
矿岩,散落的黄玉,Obj_MineralGrain_A_05,Obj_MineralGrain_A_05,107
矿岩,稀有矿床,Obj_Mineral_B_01,Obj_Mineral_B_01,93
矿岩,夜光矿床,Obj_Mineral_C_01,Obj_Mineral_C_01,88
矿岩,打火石,Item_Ore_I,Item_Ore_I,70
矿岩,散落的岩盐,Obj_MineralGrain_A_01,Obj_MineralGrain_A_01,56
矿岩,散落的打火石,Obj_MineralGrain_A_02,Obj_MineralGrain_A_02,34
矿岩,岩盐,Item_Ore_H,Item_Ore_H,8
矿岩,钻石,Item_Ore_A,Item_Ore_A,4
矿岩,红宝石,Item_Ore_B,Item_Ore_B,4
矿岩,蓝宝石,Item_Ore_C,Item_Ore_C,4
矿岩,黄玉,Item_Ore_D,Item_Ore_D,1
矿岩,蛋白石,Item_Ore_E,Item_Ore_E,1
矿岩,大的左纳尼乌姆,Item_Ore_M,Item_Ore_M,1
矿岩,稀有矿床,Obj_Mineral_B_02,Obj_Mineral_B_02,1
